Date,24HPass,3DPass,7DPass,Trips,Miles,Year,Month,Day,MonthYear
2013-05-27,0.0,,0.0,9767,21.533,2013,5,27,2013-05-01
2013-05-28,0.0,,0.0,5215,8.78,2013,5,28,2013-05-01
2013-05-29,0.0,,0.0,10981,21.898000000000003,2013,5,29,2013-05-01
2013-05-30,0.0,,0.0,9850,20.320999999999998,2013,5,30,2013-05-01
2013-05-31,0.0,,0.0,9253,20.243,2013,5,31,2013-05-01
2013-06-01,0.0,,0.0,9852,26.346999999999998,2013,6,1,2013-06-01
2013-06-02,4723.0,,289.0,17590,52.143,2013,6,2,2013-06-01
2013-06-03,1160.0,,221.0,8599,18.907,2013,6,3,2013-06-01
2013-06-04,2922.0,,394.0,17589,48.666000000000004,2013,6,4,2013-06-01
2013-06-05,2821.0,,279.0,17433,44.917,2013,6,5,2013-06-01
2013-06-06,1872.0,,210.0,13732,30.987,2013,6,6,2013-06-01
2013-06-07,66.0,,11.0,1393,2.065,2013,6,7,2013-06-01
2013-06-08,5013.0,,230.0,19899,54.665,2013,6,8,2013-06-01
2013-06-09,5772.0,,275.0,23236,71.604,2013,6,9,2013-06-01
2013-06-10,290.0,,82.0,4504,10.138,2013,6,10,2013-06-01
2013-06-11,1836.0,,273.0,14638,34.63,2013,6,11,2013-06-01
2013-06-12,2767.0,,316.0,18960,45.714,2013,6,12,2013-06-01
2013-06-13,701.0,,119.0,8782,15.075,2013,6,13,2013-06-01
2013-06-14,2268.0,,211.0,16423,33.98,2013,6,14,2013-06-01
2013-06-15,6107.0,,319.0,27276,72.792,2013,6,15,2013-06-01
2013-06-16,4413.0,,314.0,23610,59.573,2013,6,16,2013-06-01
2013-06-17,2378.0,,530.0,21278,43.897,2013,6,17,2013-06-01
2013-06-18,1236.0,,277.0,14826,27.67,2013,6,18,2013-06-01
2013-06-19,2678.0,,607.0,26267,54.405,2013,6,19,2013-06-01
2013-06-20,2814.0,,421.0,28994,59.935,2013,6,20,2013-06-01
2013-06-21,3465.0,,408.0,30660,64.872,2013,6,21,2013-06-01
2013-06-22,5902.0,,383.0,31885,80.433,2013,6,22,2013-06-01
2013-06-23,4959.0,,279.0,30653,76.45,2013,6,23,2013-06-01
2013-06-24,1844.0,,386.0,26636,50.663999999999994,2013,6,24,2013-06-01
2013-06-25,1937.0,,343.0,30426,56.075,2013,6,25,2013-06-01
2013-06-26,2000.0,,301.0,32322,59.663000000000004,2013,6,26,2013-06-01
2013-06-27,1680.0,,223.0,28094,55.26,2013,6,27,2013-06-01
2013-06-28,2268.0,,291.0,30595,58.037,2013,6,28,2013-06-01
2013-06-29,4895.0,,296.0,32947,77.226,2013,6,29,2013-06-01
2013-06-30,3592.0,,178.0,27285,61.052,2013,6,30,2013-06-01
2013-07-01,846.0,,167.0,20151,36.168,2013,7,1,2013-07-01
2013-07-02,1435.0,,219.0,26682,48.733000000000004,2013,7,2,2013-07-01
2013-07-03,1419.0,,189.0,25509,46.016000000000005,2013,7,3,2013-07-01
2013-07-04,4219.0,,257.0,26004,63.674,2013,7,4,2013-07-01
2013-07-05,2803.0,,215.0,25541,53.419,2013,7,5,2013-07-01
2013-07-06,3178.0,,172.0,23697,53.761,2013,7,6,2013-07-01
2013-07-07,2703.0,,186.0,23688,50.63399999999999,2013,7,7,2013-07-01
2013-07-08,1453.0,,321.0,26063,49.831,2013,7,8,2013-07-01
2013-07-09,1379.0,,287.0,30929,55.498999999999995,2013,7,9,2013-07-01
2013-07-10,1435.0,,223.0,30705,55.948,2013,7,10,2013-07-01
2013-07-11,1478.0,,196.0,29689,56.393,2013,7,11,2013-07-01
2013-07-12,1096.0,,118.0,22817,39.97,2013,7,12,2013-07-01
2013-07-13,3285.0,,213.0,30132,64.833,2013,7,13,2013-07-01
2013-07-14,3681.0,,224.0,33545,75.02,2013,7,14,2013-07-01
2013-07-15,1382.0,,273.0,32565,57.755,2013,7,15,2013-07-01
2013-07-16,1288.0,,251.0,34757,61.856,2013,7,16,2013-07-01
2013-07-17,1303.0,,201.0,35172,60.698,2013,7,17,2013-07-01
2013-07-18,1094.0,,143.0,33222,56.228,2013,7,18,2013-07-01
2013-07-19,1389.0,,164.0,30667,52.784,2013,7,19,2013-07-01
2013-07-20,2811.0,,169.0,29145,58.799,2013,7,20,2013-07-01
2013-07-21,3502.0,,191.0,34694,76.31,2013,7,21,2013-07-01
2013-07-22,1005.0,,184.0,29787,50.145,2013,7,22,2013-07-01
2013-07-23,1390.0,,220.0,37296,65.911,2013,7,23,2013-07-01
2013-07-24,1708.0,,211.0,40699,74.469,2013,7,24,2013-07-01
2013-07-25,1163.0,,144.0,36207,62.188,2013,7,25,2013-07-01
2013-07-26,2073.0,,176.0,39499,72.71,2013,7,26,2013-07-01
2013-07-27,4259.0,,197.0,37131,82.27,2013,7,27,2013-07-01
2013-07-28,2391.0,,137.0,26780,53.562,2013,7,28,2013-07-01
2013-07-29,1712.0,,275.0,40018,73.425,2013,7,29,2013-07-01
2013-07-30,1701.0,,237.0,42982,77.917,2013,7,30,2013-07-01
2013-07-31,1692.0,,186.0,42745,76.982,2013,7,31,2013-07-01
2013-08-01,415.0,,73.0,23025,34.794000000000004,2013,8,1,2013-08-01
2013-08-02,2302.0,,230.0,40654,75.39,2013,8,2,2013-08-01
2013-08-03,3417.0,,180.0,34173,73.3,2013,8,3,2013-08-01
2013-08-04,4547.0,,261.0,40103,93.191,2013,8,4,2013-08-01
2013-08-05,1924.0,,276.0,41759,78.764,2013,8,5,2013-08-01
2013-08-06,1778.0,,222.0,42974,79.262,2013,8,6,2013-08-01
2013-08-07,1261.0,,183.0,39120,66.709,2013,8,7,2013-08-01
2013-08-08,946.0,,137.0,32063,51.665,2013,8,8,2013-08-01
2013-08-09,1269.0,,134.0,32926,54.952,2013,8,9,2013-08-01
2013-08-10,5567.0,,223.0,43368,103.744,2013,8,10,2013-08-01
2013-08-11,3826.0,,234.0,37161,83.00399999999999,2013,8,11,2013-08-01
2013-08-12,1314.0,,257.0,35646,62.896,2013,8,12,2013-08-01
2013-08-13,787.0,,111.0,25569,44.373999999999995,2013,8,13,2013-08-01
2013-08-14,1727.0,,219.0,43437,78.48100000000001,2013,8,14,2013-08-01
2013-08-15,1733.0,,179.0,42922,76.29899999999999,2013,8,15,2013-08-01
2013-08-16,2085.0,,170.0,41251,77.044,2013,8,16,2013-08-01
2013-08-17,5729.0,,217.0,44284,104.29,2013,8,17,2013-08-01
2013-08-18,2524.0,,160.0,31512,62.738,2013,8,18,2013-08-01
2013-08-19,1395.0,,236.0,37922,65.704,2013,8,19,2013-08-01
2013-08-20,1491.0,,233.0,41155,72.697,2013,8,20,2013-08-01
2013-08-21,1365.0,,176.0,41718,73.19800000000001,2013,8,21,2013-08-01
2013-08-22,787.0,,128.0,30747,51.255,2013,8,22,2013-08-01
2013-08-23,1965.0,,157.0,38716,72.175,2013,8,23,2013-08-01
2013-08-24,3933.0,,194.0,38049,81.05199999999999,2013,8,24,2013-08-01
2013-08-25,3626.0,,199.0,36641,80.733,2013,8,25,2013-08-01
2013-08-26,1098.0,,190.0,34812,61.473,2013,8,26,2013-08-01
2013-08-27,1222.0,,188.0,39258,67.086,2013,8,27,2013-08-01
2013-08-28,765.0,,102.0,32262,53.456,2013,8,28,2013-08-01
2013-08-29,1363.0,,141.0,38626,65.917,2013,8,29,2013-08-01
2013-08-30,1872.0,,165.0,36870,67.249,2013,8,30,2013-08-01
2013-08-31,3064.0,,174.0,28547,60.049,2013,8,31,2013-08-01
2013-09-01,3273.0,,148.0,28330,61.096000000000004,2013,9,1,2013-09-01
2013-09-02,1829.0,,121.0,24094,46.06,2013,9,2,2013-09-01
2013-09-03,1015.0,,157.0,36963,62.806999999999995,2013,9,3,2013-09-01
2013-09-04,1263.0,,176.0,42085,73.70100000000001,2013,9,4,2013-09-01
2013-09-05,1354.0,,185.0,40817,70.544,2013,9,5,2013-09-01
2013-09-06,1556.0,,155.0,40930,72.124,2013,9,6,2013-09-01
2013-09-07,3600.0,,200.0,38950,80.08,2013,9,7,2013-09-01
2013-09-08,3025.0,,182.0,37536,76.32600000000001,2013,9,8,2013-09-01
2013-09-09,1060.0,,203.0,40539,70.71300000000001,2013,9,9,2013-09-01
2013-09-10,986.0,,182.0,42038,71.115,2013,9,10,2013-09-01
2013-09-11,1046.0,,147.0,40533,67.437,2013,9,11,2013-09-01
2013-09-12,756.0,,126.0,35065,56.446999999999996,2013,9,12,2013-09-01
2013-09-13,1375.0,,145.0,41200,70.84899999999999,2013,9,13,2013-09-01
2013-09-14,3035.0,,153.0,35363,69.18,2013,9,14,2013-09-01
2013-09-15,3010.0,,167.0,35843,72.551,2013,9,15,2013-09-01
2013-09-16,781.0,,149.0,35106,56.195,2013,9,16,2013-09-01
2013-09-17,971.0,,170.0,43117,70.847,2013,9,17,2013-09-01
2013-09-18,1078.0,,152.0,42936,71.355,2013,9,18,2013-09-01
2013-09-19,1209.0,,154.0,43920,73.65899999999999,2013,9,19,2013-09-01
2013-09-20,1631.0,,156.0,43895,75.094,2013,9,20,2013-09-01
2013-09-21,3096.0,,132.0,35348,70.321,2013,9,21,2013-09-01
2013-09-22,2479.0,,136.0,33105,64.758,2013,9,22,2013-09-01
2013-09-23,1006.0,,171.0,38963,64.157,2013,9,23,2013-09-01
2013-09-24,1158.0,,153.0,42954,70.402,2013,9,24,2013-09-01
2013-09-25,966.0,,133.0,42639,70.5,2013,9,25,2013-09-01
2013-09-26,973.0,,117.0,42247,68.646,2013,9,26,2013-09-01
2013-09-27,1321.0,,137.0,41368,68.977,2013,9,27,2013-09-01
2013-09-28,3452.0,,126.0,38939,78.4,2013,9,28,2013-09-01
2013-09-29,2718.0,,161.0,36040,70.652,2013,9,29,2013-09-01
2013-09-30,1023.0,,140.0,41079,67.168,2013,9,30,2013-09-01
2013-10-01,,,,44772,73.665,2013,10,1,2013-10-01
2013-10-02,,,,45667,76.149,2013,10,2,2013-10-01
2013-10-03,,,,44472,72.635,2013,10,3,2013-10-01
2013-10-04,,,,44089,74.223,2013,10,4,2013-10-01
2013-10-05,,,,37683,73.892,2013,10,5,2013-10-01
2013-10-06,,,,29029,49.887,2013,10,6,2013-10-01
2013-10-07,,,,27504,40.324,2013,10,7,2013-10-01
2013-10-08,,,,42200,69.116,2013,10,8,2013-10-01
2013-10-09,,,,40607,62.214,2013,10,9,2013-10-01
2013-10-10,,,,34107,49.732,2013,10,10,2013-10-01
2013-10-11,,,,36381,56.497,2013,10,11,2013-10-01
2013-10-12,,,,35480,69.84100000000001,2013,10,12,2013-10-01
2013-10-13,,,,31501,59.556000000000004,2013,10,13,2013-10-01
2013-10-14,,,,36186,60.261,2013,10,14,2013-10-01
2013-10-15,,,,41459,66.625,2013,10,15,2013-10-01
2013-10-16,,,,40644,64.115,2013,10,16,2013-10-01
2013-10-17,,,,40363,63.927,2013,10,17,2013-10-01
2013-10-18,,,,41775,69.165,2013,10,18,2013-10-01
2013-10-19,,,,32469,59.523,2013,10,19,2013-10-01
2013-10-20,,,,32016,60.67,2013,10,20,2013-10-01
2013-10-21,,,,38348,62.216,2013,10,21,2013-10-01
2013-10-22,,,,39741,60.424,2013,10,22,2013-10-01
2013-10-23,,,,35358,50.318999999999996,2013,10,23,2013-10-01
2013-10-24,,,,35238,50.61,2013,10,24,2013-10-01
2013-10-25,,,,33711,50.108999999999995,2013,10,25,2013-10-01
2013-10-26,,,,26653,45.372,2013,10,26,2013-10-01
2013-10-27,,,,25980,44.415,2013,10,27,2013-10-01
2013-10-28,,,,34298,52.643,2013,10,28,2013-10-01
2013-10-29,,,,36280,53.765,2013,10,29,2013-10-01
2013-10-30,,,,37817,54.94,2013,10,30,2013-10-01
2013-10-31,,,,33991,51.283,2013,10,31,2013-10-01
2013-11-01,,,,33193,52.035,2013,11,1,2013-11-01
2013-11-02,,,,33688,64.833,2013,11,2,2013-11-01
2013-11-03,,,,22414,34.853,2013,11,3,2013-11-01
2013-11-04,,,,29474,42.802,2013,11,4,2013-11-01
2013-11-05,,,,34179,49.677,2013,11,5,2013-11-01
2013-11-06,,,,37785,58.125,2013,11,6,2013-11-01
2013-11-07,,,,27849,38.518,2013,11,7,2013-11-01
2013-11-08,,,,31032,45.872,2013,11,8,2013-11-01
2013-11-09,,,,23522,39.116,2013,11,9,2013-11-01
2013-11-10,,,,21270,33.486,2013,11,10,2013-11-01
2013-11-11,,,,29544,43.019,2013,11,11,2013-11-01
2013-11-12,,,,21505,27.48,2013,11,12,2013-11-01
2013-11-13,,,,25504,33.933,2013,11,13,2013-11-01
2013-11-14,,,,29194,40.663000000000004,2013,11,14,2013-11-01
2013-11-15,,,,31526,47.207,2013,11,15,2013-11-01
2013-11-16,,,,27208,48.1,2013,11,16,2013-11-01
2013-11-17,,,,19397,29.366,2013,11,17,2013-11-01
2013-11-18,,,,33718,52.401,2013,11,18,2013-11-01
2013-11-19,,,,29633,40.023,2013,11,19,2013-11-01
2013-11-20,,,,28286,37.925,2013,11,20,2013-11-01
2013-11-21,,,,31089,43.428000000000004,2013,11,21,2013-11-01
2013-11-22,,,,27503,38.76,2013,11,22,2013-11-01
2013-11-23,,,,20396,31.638,2013,11,23,2013-11-01
2013-11-24,,,,10069,12.248,2013,11,24,2013-11-01
2013-11-25,,,,20649,26.561999999999998,2013,11,25,2013-11-01
2013-11-26,,,,16206,20.283,2013,11,26,2013-11-01
2013-11-27,,,,8615,10.329,2013,11,27,2013-11-01
2013-11-28,,,,5668,8.377,2013,11,28,2013-11-01
2013-11-29,,,,10967,15.405999999999999,2013,11,29,2013-11-01
2013-11-30,,,,10605,15.508,2013,11,30,2013-11-01
2013-12-01,,,,14322,21.121,2013,12,1,2013-12-01
2013-12-02,,,,26522,37.728,2013,12,2,2013-12-01
2013-12-03,,,,29766,42.165,2013,12,3,2013-12-01
2013-12-04,,,,30472,43.92,2013,12,4,2013-12-01
2013-12-05,,,,29222,41.99,2013,12,5,2013-12-01
2013-12-06,,,,11626,14.674000000000001,2013,12,6,2013-12-01
2013-12-07,,,,16868,24.381,2013,12,7,2013-12-01
2013-12-08,,,,10892,14.17,2013,12,8,2013-12-01
2013-12-09,,,,16192,20.537,2013,12,9,2013-12-01
2013-12-10,,,,13947,17.766,2013,12,10,2013-12-01
2013-12-11,,,,20369,25.839000000000002,2013,12,11,2013-12-01
2013-12-12,,,,18552,23.241999999999997,2013,12,12,2013-12-01
2013-12-13,,,,19381,25.662,2013,12,13,2013-12-01
2013-12-14,,,,3983,5.072,2013,12,14,2013-12-01
2013-12-15,,,,8127,10.192,2013,12,15,2013-12-01
2013-12-16,,,,16842,21.353,2013,12,16,2013-12-01
2013-12-17,,,,8552,11.009,2013,12,17,2013-12-01
2013-12-18,,,,16246,21.250999999999998,2013,12,18,2013-12-01
2013-12-19,,,,20309,26.954,2013,12,19,2013-12-01
2013-12-20,,,,23849,33.51,2013,12,20,2013-12-01
2013-12-21,,,,19362,32.36,2013,12,21,2013-12-01
2013-12-22,,,,16338,26.291,2013,12,22,2013-12-01
2013-12-23,,,,7516,9.407,2013,12,23,2013-12-01
2013-12-24,,,,11971,15.562999999999999,2013,12,24,2013-12-01
2013-12-25,,,,3523,5.457999999999999,2013,12,25,2013-12-01
2013-12-26,,,,10570,13.556,2013,12,26,2013-12-01
2013-12-27,,,,12649,17.629,2013,12,27,2013-12-01
2013-12-28,,,,12867,21.988000000000003,2013,12,28,2013-12-01
2013-12-29,,,,4070,4.986000000000001,2013,12,29,2013-12-01
2013-12-30,,,,14222,19.982,2013,12,30,2013-12-01
2013-12-31,,,,11349,14.856,2013,12,31,2013-12-01
2014-01-01,268.0,,10.0,6559,9.254,2014,1,1,2014-01-01
2014-01-02,66.0,,3.0,9334,11.735999999999999,2014,1,2,2014-01-01
2014-01-03,1.0,,1.0,1288,1.855,2014,1,3,2014-01-01
2014-01-04,14.0,,1.0,2494,3.7060000000000004,2014,1,4,2014-01-01
2014-01-05,17.0,,4.0,2937,3.72,2014,1,5,2014-01-01
2014-01-06,30.0,,7.0,10481,13.015999999999998,2014,1,6,2014-01-01
2014-01-07,5.0,,4.0,7144,8.2,2014,1,7,2014-01-01
2014-01-08,28.0,,4.0,10162,11.767999999999999,2014,1,8,2014-01-01
2014-01-09,74.0,,10.0,14571,18.401,2014,1,9,2014-01-01
2014-01-10,49.0,,5.0,10685,13.433,2014,1,10,2014-01-01
2014-01-11,101.0,,16.0,8333,10.735,2014,1,11,2014-01-01
2014-01-12,350.0,,22.0,13549,19.141,2014,1,12,2014-01-01
2014-01-13,224.0,,31.0,22377,30.829,2014,1,13,2014-01-01
2014-01-14,45.0,,4.0,10849,13.270999999999999,2014,1,14,2014-01-01
2014-01-15,241.0,,30.0,23500,32.303000000000004,2014,1,15,2014-01-01
2014-01-16,208.0,,37.0,21528,28.807,2014,1,16,2014-01-01
2014-01-17,282.0,,34.0,21840,30.773000000000003,2014,1,17,2014-01-01
2014-01-18,176.0,,15.0,10222,14.595999999999998,2014,1,18,2014-01-01
2014-01-19,194.0,,13.0,9768,13.591,2014,1,19,2014-01-01
2014-01-20,133.0,,11.0,14581,20.102999999999998,2014,1,20,2014-01-01
2014-01-21,5.0,,1.0,4171,5.428999999999999,2014,1,21,2014-01-01
2014-01-22,4.0,,3.0,2762,4.061,2014,1,22,2014-01-01
2014-01-23,9.0,,1.0,5743,8.336,2014,1,23,2014-01-01
2014-01-24,15.0,,6.0,6901,9.375,2014,1,24,2014-01-01
2014-01-25,34.0,,0.0,4716,6.004,2014,1,25,2014-01-01
2014-01-26,37.0,,6.0,5462,6.691,2014,1,26,2014-01-01
2014-01-27,55.0,,18.0,14304,18.127,2014,1,27,2014-01-01
2014-01-28,18.0,,7.0,11066,13.722000000000001,2014,1,28,2014-01-01
2014-01-29,21.0,,6.0,10838,13.394,2014,1,29,2014-01-01
2014-01-30,42.0,,7.0,13198,16.914,2014,1,30,2014-01-01
2014-01-31,130.0,,10.0,15886,21.541,2014,1,31,2014-01-01
2014-02-01,349.0,,29.0,13797,20.706999999999997,2014,2,1,2014-02-01
2014-02-02,449.0,,10.0,15009,22.915,2014,2,2,2014-02-01
2014-02-03,4.0,,2.0,2839,3.635,2014,2,3,2014-02-01
2014-02-04,37.0,,2.0,9551,12.708,2014,2,4,2014-02-01
2014-02-05,8.0,,1.0,3076,4.603,2014,2,5,2014-02-01
2014-02-06,25.0,,9.0,8227,12.640999999999998,2014,2,6,2014-02-01
2014-02-07,36.0,,5.0,9473,14.206,2014,2,7,2014-02-01
2014-02-08,71.0,,1.0,6640,9.562999999999999,2014,2,8,2014-02-01
2014-02-09,47.0,,6.0,5527,7.806,2014,2,9,2014-02-01
2014-02-10,16.0,,3.0,7643,10.867,2014,2,10,2014-02-01
2014-02-11,22.0,,4.0,9258,12.57,2014,2,11,2014-02-01
2014-02-12,24.0,,3.0,9531,12.690999999999999,2014,2,12,2014-02-01
2014-02-13,3.0,,1.0,978,1.725,2014,2,13,2014-02-01
2014-02-14,16.0,,8.0,4029,6.586,2014,2,14,2014-02-01
2014-02-15,23.0,,2.0,2512,3.8339999999999996,2014,2,15,2014-02-01
2014-02-16,34.0,,2.0,3362,5.063,2014,2,16,2014-02-01
2014-02-17,40.0,,10.0,5433,8.226,2014,2,17,2014-02-01
2014-02-18,19.0,,2.0,5727,8.392999999999999,2014,2,18,2014-02-01
2014-02-19,45.0,,6.0,9485,14.085999999999999,2014,2,19,2014-02-01
2014-02-20,103.0,,11.0,12971,18.707,2014,2,20,2014-02-01
2014-02-21,59.0,,8.0,9545,12.423,2014,2,21,2014-02-01
2014-02-22,730.0,,31.0,14261,25.945,2014,2,22,2014-02-01
2014-02-23,666.0,,35.0,14567,25.298000000000002,2014,2,23,2014-02-01
2014-02-24,79.0,,10.0,14119,19.238,2014,2,24,2014-02-01
2014-02-25,50.0,,14.0,14003,17.699,2014,2,25,2014-02-01
2014-02-26,35.0,,7.0,12168,15.039000000000001,2014,2,26,2014-02-01
2014-02-27,54.0,,10.0,13138,16.042,2014,2,27,2014-02-01
2014-02-28,46.0,,12.0,10483,13.017000000000001,2014,2,28,2014-02-01
2014-03-01,255.0,,11.0,9944,14.364,2014,3,1,2014-03-01
2014-03-02,196.0,,12.0,9017,12.288,2014,3,2,2014-03-01
2014-03-03,44.0,,3.0,8618,12.02,2014,3,3,2014-03-01
2014-03-04,36.0,,11.0,11494,14.472999999999999,2014,3,4,2014-03-01
2014-03-05,90.0,,13.0,14934,19.147000000000002,2014,3,5,2014-03-01
2014-03-06,50.0,,7.0,13758,17.12,2014,3,6,2014-03-01
2014-03-07,108.0,,10.0,14736,19.809,2014,3,7,2014-03-01
2014-03-08,1211.0,,46.0,18119,34.814,2014,3,8,2014-03-01
2014-03-09,496.0,,32.0,13300,20.468,2014,3,9,2014-03-01
2014-03-10,206.0,,30.0,18844,25.776999999999997,2014,3,10,2014-03-01
2014-03-11,574.0,,66.0,26436,41.688,2014,3,11,2014-03-01
2014-03-12,153.0,,21.0,16273,21.803,2014,3,12,2014-03-01
2014-03-13,55.0,,7.0,12164,15.663,2014,3,13,2014-03-01
2014-03-14,209.0,,14.0,17745,23.539,2014,3,14,2014-03-01
2014-03-15,1316.0,,54.0,19664,35.302,2014,3,15,2014-03-01
2014-03-16,274.0,,31.0,10740,16.054000000000002,2014,3,16,2014-03-01
2014-03-17,106.0,,19.0,13681,17.722,2014,3,17,2014-03-01
2014-03-18,181.0,,30.0,18046,24.985,2014,3,18,2014-03-01
2014-03-19,87.0,,19.0,14387,19.079,2014,3,19,2014-03-01
2014-03-20,292.0,,36.0,21299,31.018,2014,3,20,2014-03-01
2014-03-21,386.0,,26.0,22266,33.189,2014,3,21,2014-03-01
2014-03-22,1525.0,,55.0,21671,42.206,2014,3,22,2014-03-01
2014-03-23,451.0,,19.0,12846,19.105,2014,3,23,2014-03-01
2014-03-24,105.0,,20.0,14729,18.838,2014,3,24,2014-03-01
2014-03-25,108.0,,19.0,17388,22.135,2014,3,25,2014-03-01
2014-03-26,91.0,,16.0,15538,19.368,2014,3,26,2014-03-01
2014-03-27,164.0,,17.0,18166,25.302,2014,3,27,2014-03-01
2014-03-28,255.0,,29.0,20025,29.858,2014,3,28,2014-03-01
2014-03-29,142.0,,0.0,4870,6.546,2014,3,29,2014-03-01
2014-03-30,209.0,,15.0,8645,13.365,2014,3,30,2014-03-01
2014-03-31,276.0,,47.0,18686,26.78,2014,3,31,2014-03-01
2014-04-01,475.0,,67.0,26163,40.978,2014,4,1,2014-04-01
2014-04-02,237.0,,33.0,24299,35.54,2014,4,2,2014-04-01
2014-04-03,596.0,,63.0,28379,44.648999999999994,2014,4,3,2014-04-01
2014-04-04,103.0,,10.0,13593,17.644000000000002,2014,4,4,2014-04-01
2014-04-05,1221.0,,42.0,20333,36.797,2014,4,5,2014-04-01
2014-04-06,1641.0,,62.0,22643,45.575,2014,4,6,2014-04-01
2014-04-07,159.0,,36.0,15869,21.9,2014,4,7,2014-04-01
2014-04-08,369.0,,44.0,23636,34.85,2014,4,8,2014-04-01
2014-04-09,447.0,,57.0,29194,45.619,2014,4,9,2014-04-01
2014-04-10,525.0,,65.0,29722,46.023,2014,4,10,2014-04-01
2014-04-11,632.0,,83.0,29283,49.269,2014,4,11,2014-04-01
2014-04-12,2710.0,,89.0,29773,63.648999999999994,2014,4,12,2014-04-01
2014-04-13,2411.0,,109.0,29521,65.74600000000001,2014,4,13,2014-04-01
2014-04-14,993.0,,114.0,31732,57.306999999999995,2014,4,14,2014-04-01
2014-04-15,73.0,,19.0,11370,14.639000000000001,2014,4,15,2014-04-01
2014-04-16,279.0,,50.0,21713,31.427,2014,4,16,2014-04-01
2014-04-17,470.0,,53.0,24190,36.641999999999996,2014,4,17,2014-04-01
2014-04-18,628.0,,60.0,22409,33.846,2014,4,18,2014-04-01
2014-04-19,2666.0,,99.0,26541,59.461000000000006,2014,4,19,2014-04-01
2014-04-20,1639.0,,84.0,20122,40.814,2014,4,20,2014-04-01
2014-04-21,839.0,,105.0,29618,50.57,2014,4,21,2014-04-01
2014-04-22,560.0,,58.0,29580,45.813,2014,4,22,2014-04-01
2014-04-23,358.0,,68.0,29341,44.266000000000005,2014,4,23,2014-04-01
2014-04-24,646.0,,95.0,30515,48.32899999999999,2014,4,24,2014-04-01
2014-04-25,767.0,,56.0,30299,49.915,2014,4,25,2014-04-01
2014-04-26,1720.0,,57.0,21785,42.75899999999999,2014,4,26,2014-04-01
2014-04-27,1616.0,,84.0,24093,46.188,2014,4,27,2014-04-01
2014-04-28,744.0,,94.0,31279,51.168,2014,4,28,2014-04-01
2014-04-29,160.0,,24.0,20003,26.84,2014,4,29,2014-04-01
2014-04-30,15.0,,0.0,3093,3.572,2014,4,30,2014-04-01
2014-05-01,780.0,,94.0,29448,51.32,2014,5,1,2014-05-01
2014-05-02,1192.0,,144.0,35590,60.513999999999996,2014,5,2,2014-05-01
2014-05-03,2440.0,,150.0,28254,61.95,2014,5,3,2014-05-01
2014-05-04,1479.0,,77.0,23450,43.926,2014,5,4,2014-05-01
2014-05-05,842.0,,127.0,33706,58.903999999999996,2014,5,5,2014-05-01
2014-05-06,836.0,,100.0,35977,62.455,2014,5,6,2014-05-01
2014-05-07,799.0,,91.0,36210,58.617,2014,5,7,2014-05-01
2014-05-08,303.0,,20.0,19518,28.9,2014,5,8,2014-05-01
2014-05-09,537.0,,59.0,24990,37.118,2014,5,9,2014-05-01
2014-05-10,1617.0,,74.0,24179,44.945,2014,5,10,2014-05-01
2014-05-11,2768.0,,145.0,31551,71.587,2014,5,11,2014-05-01
2014-05-12,935.0,,124.0,35209,61.465,2014,5,12,2014-05-01
2014-05-13,737.0,,125.0,36281,59.20399999999999,2014,5,13,2014-05-01
2014-05-14,586.0,,75.0,33087,52.063,2014,5,14,2014-05-01
2014-05-15,566.0,,76.0,28847,45.347,2014,5,15,2014-05-01
2014-05-16,218.0,,22.0,19561,27.664,2014,5,16,2014-05-01
2014-05-17,2968.0,,141.0,33141,71.372,2014,5,17,2014-05-01
2014-05-18,2476.0,,124.0,30026,61.977,2014,5,18,2014-05-01
2014-05-19,914.0,,124.0,34763,56.666000000000004,2014,5,19,2014-05-01
2014-05-20,1145.0,,141.0,38928,66.578,2014,5,20,2014-05-01
2014-05-21,897.0,,115.0,37493,61.068999999999996,2014,5,21,2014-05-01
2014-05-22,470.0,,40.0,26753,39.65,2014,5,22,2014-05-01
2014-05-23,793.0,,84.0,26895,42.128,2014,5,23,2014-05-01
2014-05-24,1532.0,,105.0,18503,35.805,2014,5,24,2014-05-01
2014-05-25,3535.0,,144.0,28266,68.798,2014,5,25,2014-05-01
2014-05-26,3095.0,,143.0,29819,70.712,2014,5,26,2014-05-01
2014-05-27,1196.0,,162.0,36165,63.451,2014,5,27,2014-05-01
2014-05-28,533.0,,79.0,32666,49.67,2014,5,28,2014-05-01
2014-05-29,930.0,,108.0,37184,60.222,2014,5,29,2014-05-01
2014-05-30,1191.0,,118.0,37875,65.24,2014,5,30,2014-05-01
2014-05-31,2305.0,,129.0,30659,61.976000000000006,2014,5,31,2014-05-01
2014-06-01,2912.0,,168.0,34597,75.594,2014,6,1,2014-06-01
2014-06-02,1099.0,,150.0,38143,68.186,2014,6,2,2014-06-01
2014-06-03,702.0,,119.0,32504,52.766999999999996,2014,6,3,2014-06-01
2014-06-04,950.0,,135.0,39747,66.953,2014,6,4,2014-06-01
2014-06-05,692.0,,81.0,27165,44.714,2014,6,5,2014-06-01
2014-06-06,1668.0,,128.0,41291,72.887,2014,6,6,2014-06-01
2014-06-07,2888.0,,165.0,34417,74.54899999999999,2014,6,7,2014-06-01
2014-06-08,2704.0,,117.0,33432,73.196,2014,6,8,2014-06-01
2014-06-09,394.0,,43.0,20545,32.251999999999995,2014,6,9,2014-06-01
2014-06-10,783.0,,117.0,36959,59.916000000000004,2014,6,10,2014-06-01
2014-06-11,691.0,,105.0,33809,55.193000000000005,2014,6,11,2014-06-01
2014-06-12,644.0,,78.0,32186,49.272,2014,6,12,2014-06-01
2014-06-13,565.0,,40.0,20236,31.146,2014,6,13,2014-06-01
2014-06-14,2442.0,,129.0,31432,63.83,2014,6,14,2014-06-01
2014-06-15,2397.0,,136.0,31029,65.14,2014,6,15,2014-06-01
2014-06-16,1080.0,,153.0,38568,66.964,2014,6,16,2014-06-01
2014-06-17,978.0,,124.0,38963,66.789,2014,6,17,2014-06-01
2014-06-18,905.0,,139.0,38984,64.305,2014,6,18,2014-06-01
2014-06-19,812.0,,92.0,35327,58.66,2014,6,19,2014-06-01
2014-06-20,1439.0,,117.0,38827,78.661,2014,6,20,2014-06-01
2014-06-21,2951.0,,149.0,33325,69.714,2014,6,21,2014-06-01
2014-06-22,2532.0,,107.0,32300,65.036,2014,6,22,2014-06-01
2014-06-23,1024.0,,167.0,36342,61.528999999999996,2014,6,23,2014-06-01
2014-06-24,939.0,,136.0,39886,66.604,2014,6,24,2014-06-01
2014-06-25,868.0,,137.0,38035,60.763000000000005,2014,6,25,2014-06-01
2014-06-26,1051.0,,109.0,38610,63.768,2014,6,26,2014-06-01
2014-06-27,1573.0,,147.0,39697,70.902,2014,6,27,2014-06-01
2014-06-28,2679.0,,125.0,31684,65.075,2014,6,28,2014-06-01
2014-06-29,2450.0,,125.0,30784,64.706,2014,6,29,2014-06-01
2014-06-30,1044.0,,120.0,36854,61.917,2014,6,30,2014-06-01
2014-07-01,955.0,,120.0,37970,61.17,2014,7,1,2014-07-01
2014-07-02,688.0,,92.0,28765,44.192,2014,7,2,2014-07-01
2014-07-03,819.0,,88.0,30078,48.573,2014,7,3,2014-07-01
2014-07-04,1196.0,,77.0,14850,27.905,2014,7,4,2014-07-01
2014-07-05,2566.0,,127.0,25116,55.725,2014,7,5,2014-07-01
2014-07-06,2392.0,,111.0,26615,65.358,2014,7,6,2014-07-01
2014-07-07,905.0,,160.0,35075,59.833999999999996,2014,7,7,2014-07-01
2014-07-08,740.0,,120.0,35734,57.828,2014,7,8,2014-07-01
2014-07-09,879.0,,127.0,37588,60.912,2014,7,9,2014-07-01
2014-07-10,1052.0,,115.0,39779,66.23899999999999,2014,7,10,2014-07-01
2014-07-11,1339.0,,93.0,38416,65.516,2014,7,11,2014-07-01
2014-07-12,2697.0,,115.0,31413,63.663999999999994,2014,7,12,2014-07-01
2014-07-13,1713.0,,91.0,27089,50.105,2014,7,13,2014-07-01
2014-07-14,637.0,,93.0,28173,43.222,2014,7,14,2014-07-01
2014-07-15,410.0,,58.0,24993,37.092,2014,7,15,2014-07-01
2014-07-16,959.0,,116.0,38610,63.61600000000001,2014,7,16,2014-07-01
2014-07-17,1114.0,,110.0,41996,70.061,2014,7,17,2014-07-01
2014-07-18,1502.0,,148.0,39526,69.416,2014,7,18,2014-07-01
2014-07-19,2796.0,,130.0,31943,64.395,2014,7,19,2014-07-01
2014-07-20,2767.0,,146.0,33156,68.542,2014,7,20,2014-07-01
2014-07-21,1162.0,,129.0,38963,64.824,2014,7,21,2014-07-01
2014-07-22,992.0,,127.0,40450,67.081,2014,7,22,2014-07-01
2014-07-23,816.0,,126.0,37508,59.956,2014,7,23,2014-07-01
2014-07-24,1064.0,,109.0,40419,67.584,2014,7,24,2014-07-01
2014-07-25,1457.0,,105.0,39768,68.652,2014,7,25,2014-07-01
2014-07-26,2428.0,,92.0,29882,59.645,2014,7,26,2014-07-01
2014-07-27,2108.0,,115.0,29669,58.193000000000005,2014,7,27,2014-07-01
2014-07-28,877.0,,150.0,36360,59.567,2014,7,28,2014-07-01
2014-07-29,1089.0,,128.0,41198,68.064,2014,7,29,2014-07-01
2014-07-30,1116.0,,99.0,41207,68.127,2014,7,30,2014-07-01
2014-07-31,1065.0,,113.0,39282,65.414,2014,7,31,2014-07-01
2014-08-01,1192.0,,93.0,35829,59.202,2014,8,1,2014-08-01
2014-08-02,2540.0,,127.0,30013,60.544,2014,8,2,2014-08-01
2014-08-03,2146.0,,96.0,27854,55.867,2014,8,3,2014-08-01
2014-08-04,1097.0,,165.0,37408,63.736999999999995,2014,8,4,2014-08-01
2014-08-05,1059.0,,119.0,38168,63.957,2014,8,5,2014-08-01
2014-08-06,1067.0,,144.0,39942,66.342,2014,8,6,2014-08-01
2014-08-07,1083.0,,129.0,39933,67.398,2014,8,7,2014-08-01
2014-08-08,1342.0,,111.0,37367,64.33,2014,8,8,2014-08-01
2014-08-09,3814.0,,151.0,35701,81.003,2014,8,9,2014-08-01
2014-08-10,2303.0,,131.0,29339,61.287,2014,8,10,2014-08-01
2014-08-11,1167.0,,132.0,36837,61.708,2014,8,11,2014-08-01
2014-08-12,526.0,,90.0,28591,41.88,2014,8,12,2014-08-01
2014-08-13,661.0,,98.0,30698,49.367,2014,8,13,2014-08-01
2014-08-14,1069.0,,128.0,38863,67.92399999999999,2014,8,14,2014-08-01
2014-08-15,1198.0,,117.0,35524,60015.0,2014,8,15,2014-08-01
2014-08-16,4217.0,,155.0,36127,83272.0,2014,8,16,2014-08-01
2014-08-17,2344.0,,121.0,30223,61390.0,2014,8,17,2014-08-01
2014-08-18,1156.0,,157.0,37851,64873.0,2014,8,18,2014-08-01
2014-08-19,965.0,,140.0,38912,65883.0,2014,8,19,2014-08-01
2014-08-20,1057.0,,110.0,39090,66900.0,2014,8,20,2014-08-01
2014-08-21,960.0,,107.0,36917,62373.0,2014,8,21,2014-08-01
2014-08-22,863.0,,81.0,33147,54765.0,2014,8,22,2014-08-01
2014-08-23,2254.0,,98.0,28956,57270.0,2014,8,23,2014-08-01
2014-08-24,2528.0,,125.0,30422,65005.0,2014,8,24,2014-08-01
2014-08-25,1007.0,,146.0,36244,60866.0,2014,8,25,2014-08-01
2014-08-26,937.0,,124.0,37937,62487.0,2014,8,26,2014-08-01
2014-08-27,829.0,,83.0,36900,61488.0,2014,8,27,2014-08-01
2014-08-28,982.0,,83.0,37055,62402.0,2014,8,28,2014-08-01
2014-08-29,1329.0,,109.0,34292,59371.0,2014,8,29,2014-08-01
2014-08-30,2442.0,,99.0,25239,52782.0,2014,8,30,2014-08-01
2014-08-31,1952.0,,89.0,20097,41594.0,2014,8,31,2014-08-01
2014-09-01,2083.0,,105.0,26055,51270.0,2014,9,1,2014-09-01
2014-09-02,693.0,,121.0,34005,53842.0,2014,9,2,2014-09-01
2014-09-03,789.0,,148.0,38998,62736.0,2014,9,3,2014-09-01
2014-09-04,816.0,,125.0,40022,64563.0,2014,9,4,2014-09-01
2014-09-05,1111.0,,121.0,38325,64421.0,2014,9,5,2014-09-01
2014-09-06,1674.0,,105.0,28290,51519.0,2014,9,6,2014-09-01
2014-09-07,2222.0,,115.0,32524,65394.0,2014,9,7,2014-09-01
2014-09-08,818.0,,118.0,38091,60610.0,2014,9,8,2014-09-01
2014-09-09,620.0,,99.0,38101,59026.0,2014,9,9,2014-09-01
2014-09-10,981.0,,104.0,41634,69561.0,2014,9,10,2014-09-01
2014-09-11,844.0,,90.0,40864,65798.0,2014,9,11,2014-09-01
2014-09-12,1195.0,,103.0,41341,75561.0,2014,9,12,2014-09-01
2014-09-13,842.0,,67.0,19110,31600.0,2014,9,13,2014-09-01
2014-09-14,2290.0,,117.0,31589,62963.0,2014,9,14,2014-09-01
2014-09-15,858.0,,118.0,39044,64983.0,2014,9,15,2014-09-01
2014-09-16,484.0,,61.0,28285,43250.0,2014,9,16,2014-09-01
2014-09-17,916.0,,121.0,41347,67758.0,2014,9,17,2014-09-01
2014-09-18,887.0,,115.0,41145,67840.0,2014,9,18,2014-09-01
2014-09-19,979.0,,90.0,38162,62500.0,2014,9,19,2014-09-01
2014-09-20,2464.0,,122.0,32951,64838.0,2014,9,20,2014-09-01
2014-09-21,1693.0,,90.0,28530,54319.0,2014,9,21,2014-09-01
2014-09-22,748.0,,84.0,36624,59024.0,2014,9,22,2014-09-01
2014-09-23,841.0,,106.0,40105,66590.0,2014,9,23,2014-09-01
2014-09-24,719.0,,100.0,38976,62834.0,2014,9,24,2014-09-01
2014-09-25,165.0,,24.0,18282,26019.0,2014,9,25,2014-09-01
2014-09-26,1297.0,,118.0,38394,66227.0,2014,9,26,2014-09-01
2014-09-27,2712.0,,118.0,33322,69724.0,2014,9,27,2014-09-01
2014-09-28,2259.0,,129.0,32080,64811.0,2014,9,28,2014-09-01
2014-09-29,689.0,,114.0,36896,59305.0,2014,9,29,2014-09-01
2014-09-30,613.0,,65.0,39061,59970.0,2014,9,30,2014-09-01
2014-10-01,330.0,,48.0,31197,44612.0,2014,10,1,2014-10-01
2014-10-02,602.0,,86.0,38286,60639.0,2014,10,2,2014-10-01
2014-10-03,1276.0,,107.0,38956,65739.0,2014,10,3,2014-10-01
2014-10-04,617.0,,26.0,15088,24254.0,2014,10,4,2014-10-01
2014-10-05,1470.0,,90.0,26247,48930.0,2014,10,5,2014-10-01
2014-10-06,710.0,,99.0,35651,56380.0,2014,10,6,2014-10-01
2014-10-07,593.0,,81.0,36931,58740.0,2014,10,7,2014-10-01
2014-10-08,667.0,,86.0,37870,60594.0,2014,10,8,2014-10-01
2014-10-09,709.0,,71.0,36427,57865.0,2014,10,9,2014-10-01
2014-10-10,905.0,,78.0,34690,54690.0,2014,10,10,2014-10-01
2014-10-11,528.0,,34.0,14805,23278.0,2014,10,11,2014-10-01
2014-10-12,2083.0,,80.0,26259,52781.0,2014,10,12,2014-10-01
2014-10-13,749.0,,60.0,25616,40275.0,2014,10,13,2014-10-01
2014-10-14,869.0,,101.0,36529,61691.0,2014,10,14,2014-10-01
2014-10-15,506.0,,82.0,31784,49319.0,2014,10,15,2014-10-01
2014-10-16,499.0,,61.0,29845,47808.0,2014,10,16,2014-10-01
2014-10-17,1180.0,,105.0,37759,64389.0,2014,10,17,2014-10-01
2014-10-18,1806.0,,63.0,27634,52554.0,2014,10,18,2014-10-01
2014-10-19,1000.0,,57.0,21017,35039.0,2014,10,19,2014-10-01
2014-10-20,514.0,,74.0,30928,48030.0,2014,10,20,2014-10-01
2014-10-21,539.0,,90.0,34710,53960.0,2014,10,21,2014-10-01
2014-10-22,110.0,,30.0,10402,13894.0,2014,10,22,2014-10-01
2014-10-23,74.0,,19.0,14886,20446.0,2014,10,23,2014-10-01
2014-10-24,722.0,,84.0,33022,51151.0,2014,10,24,2014-10-01
2014-10-25,2093.0,,83.0,27802,53881.0,2014,10,25,2014-10-01
2014-10-26,1220.0,,71.0,23077,41308.0,2014,10,26,2014-10-01
2014-10-27,519.0,,73.0,31908,49892.0,2014,10,27,2014-10-01
2014-10-28,628.0,,79.0,36429,56602.0,2014,10,28,2014-10-01
2014-10-29,466.0,,70.0,32944,48378.0,2014,10,29,2014-10-01
2014-10-30,557.0,,61.0,34658,52162.0,2014,10,30,2014-10-01
2014-10-31,653.0,,75.0,30787,46834.0,2014,10,31,2014-10-01
2014-11-01,98.0,,10.0,6739,8703.0,2014,11,1,2014-11-01
2014-11-02,480.0,,44.0,15730,23106.0,2014,11,2,2014-11-01
2014-11-03,568.0,,51.0,29590,45368.0,2014,11,3,2014-11-01
2014-11-04,665.0,,80.0,34612,54306.0,2014,11,4,2014-11-01
2014-11-05,513.0,,49.0,33764,52464.0,2014,11,5,2014-11-01
2014-11-06,98.0,,12.0,13882,18743.0,2014,11,6,2014-11-01
2014-11-07,416.0,,45.0,28053,40163.0,2014,11,7,2014-11-01
2014-11-08,878.0,,40.0,19372,31589.0,2014,11,8,2014-11-01
2014-11-09,952.0,,44.0,20225,34251.0,2014,11,9,2014-11-01
2014-11-10,607.0,,46.0,30616,46768.0,2014,11,10,2014-11-01
2014-11-11,599.0,,41.0,32312,49461.0,2014,11,11,2014-11-01
2014-11-12,325.0,,36.0,30830,45234.0,2014,11,12,2014-11-01
2014-11-13,252.0,,21.0,22798,32395.0,2014,11,13,2014-11-01
2014-11-14,242.0,,28.0,23452,33240.0,2014,11,14,2014-11-01
2014-11-15,522.0,,16.0,15403,23774.0,2014,11,15,2014-11-01
2014-11-16,319.0,,20.0,14544,20645.0,2014,11,16,2014-11-01
2014-11-17,25.0,,8.0,8944,11294.0,2014,11,17,2014-11-01
2014-11-18,78.0,,26.0,18436,23704.0,2014,11,18,2014-11-01
2014-11-19,102.0,,17.0,18211,24052.0,2014,11,19,2014-11-01
2014-11-20,160.0,,20.0,22682,30878.0,2014,11,20,2014-11-01
2014-11-21,131.0,,24.0,19582,25533.0,2014,11,21,2014-11-01
2014-11-22,345.0,,9.0,13838,20211.0,2014,11,22,2014-11-01
2014-11-23,628.0,,26.0,17012,27503.0,2014,11,23,2014-11-01
2014-11-24,374.0,,45.0,25007,37873.0,2014,11,24,2014-11-01
2014-11-25,365.0,,27.0,27889,39495.0,2014,11,25,2014-11-01
2014-11-26,14.0,,1.0,4064,4997.0,2014,11,26,2014-11-01
2014-11-27,74.0,,10.0,4331,5954.0,2014,11,27,2014-11-01
2014-11-28,209.0,,8.0,9157,12743.0,2014,11,28,2014-11-01
2014-11-29,235.0,,14.0,8974,12808.0,2014,11,29,2014-11-01
2014-11-30,449.0,,25.0,13612,21244.0,2014,11,30,2014-11-01
2014-12-01,281.0,,20.0,20398,29977.0,2014,12,1,2014-12-01
2014-12-02,45.0,,24.0,16961,22343.0,2014,12,2,2014-12-01
2014-12-03,65.0,,6.0,15078,23083.0,2014,12,3,2014-12-01
2014-12-04,191.0,,14.0,23442,33077.0,2014,12,4,2014-12-01
2014-12-05,153.0,,12.0,17289,23200.0,2014,12,5,2014-12-01
2014-12-06,59.0,,5.0,4487,5787.0,2014,12,6,2014-12-01
2014-12-07,254.0,,13.0,11404,16007.0,2014,12,7,2014-12-01
2014-12-08,60.0,,11.0,17015,21665.0,2014,12,8,2014-12-01
2014-12-09,18.0,,4.0,7322,9458.0,2014,12,9,2014-12-01
2014-12-10,23.0,,5.0,11476,14590.0,2014,12,10,2014-12-01
2014-12-11,144.0,,19.0,19840,27417.0,2014,12,11,2014-12-01
2014-12-12,151.0,,13.0,19393,25689.0,2014,12,12,2014-12-01
2014-12-13,324.0,,20.0,13760,21276.0,2014,12,13,2014-12-01
2014-12-14,326.0,,20.0,13255,19351.0,2014,12,14,2014-12-01
2014-12-15,186.0,,25.0,21306,29232.0,2014,12,15,2014-12-01
2014-12-16,119.0,,19.0,18653,25116.0,2014,12,16,2014-12-01
2014-12-17,186.0,,18.0,22350,30878.0,2014,12,17,2014-12-01
2014-12-18,119.0,,14.0,20679,27451.0,2014,12,18,2014-12-01
2014-12-19,158.0,,14.0,18696,24828.0,2014,12,19,2014-12-01
2014-12-20,145.0,,7.0,10628,13747.0,2014,12,20,2014-12-01
2014-12-21,170.0,,9.0,9582,12740.0,2014,12,21,2014-12-01
2014-12-22,156.0,,17.0,14849,20321.0,2014,12,22,2014-12-01
2014-12-23,68.0,,9.0,10405,13946.0,2014,12,23,2014-12-01
2014-12-24,36.0,,7.0,4716,6183.0,2014,12,24,2014-12-01
2014-12-25,456.0,,41.0,5354,11023.0,2014,12,25,2014-12-01
2014-12-26,464.0,,63.0,10775,17715.0,2014,12,26,2014-12-01
2014-12-27,741.0,,58.0,11128,21130.0,2014,12,27,2014-12-01
2014-12-28,326.0,,23.0,8719,12978.0,2014,12,28,2014-12-01
2014-12-29,363.0,,37.0,14763,22499.0,2014,12,29,2014-12-01
2014-12-30,214.0,,31.0,13277,18112.0,2014,12,30,2014-12-01
2014-12-31,216.0,,12.0,10450,14560.0,2014,12,31,2014-12-01
2015-01-01,267.0,,11.0,5792,9191.0,2015,1,1,2015-01-01
2015-01-02,298.0,,8.0,12371,18222.0,2015,1,2,2015-01-01
2015-01-03,96.0,,7.0,4834,6282.0,2015,1,3,2015-01-01
2015-01-04,152.0,,5.0,8509,11700.0,2015,1,4,2015-01-01
2015-01-05,88.0,,12.0,15792,20022.0,2015,1,5,2015-01-01
2015-01-06,2.0,,1.0,9483,12003.0,2015,1,6,2015-01-01
2015-01-07,5.0,,1.0,10685,12791.0,2015,1,7,2015-01-01
2015-01-08,18.0,,0.0,9777,11667.0,2015,1,8,2015-01-01
2015-01-09,16.0,,2.0,8631,11093.0,2015,1,9,2015-01-01
2015-01-10,51.0,,3.0,6826,8189.0,2015,1,10,2015-01-01
2015-01-11,68.0,,8.0,8204,10199.0,2015,1,11,2015-01-01
2015-01-12,27.0,,2.0,9441,11589.0,2015,1,12,2015-01-01
2015-01-13,23.0,,10.0,14134,17429.0,2015,1,13,2015-01-01
2015-01-14,43.0,,7.0,14396,18105.0,2015,1,14,2015-01-01
2015-01-15,64.0,,8.0,15463,19803.0,2015,1,15,2015-01-01
2015-01-16,94.0,,14.0,15059,19084.0,2015,1,16,2015-01-01
2015-01-17,152.0,,3.0,8243,10818.0,2015,1,17,2015-01-01
2015-01-18,12.0,,0.0,2038,2435.0,2015,1,18,2015-01-01
2015-01-19,124.0,,11.0,11913,15733.0,2015,1,19,2015-01-01
2015-01-20,93.0,,9.0,17615,22740.0,2015,1,20,2015-01-01
2015-01-21,67.0,,16.0,16734,21228.0,2015,1,21,2015-01-01
2015-01-22,74.0,,9.0,17435,22630.0,2015,1,22,2015-01-01
2015-01-23,95.0,,14.0,17080,22248.0,2015,1,23,2015-01-01
2015-01-24,41.0,,2.0,5275,6723.0,2015,1,24,2015-01-01
2015-01-25,202.0,,4.0,10235,14421.0,2015,1,25,2015-01-01
2015-01-26,15.0,,0.0,4537,5979.0,2015,1,26,2015-01-01
2015-01-27,36.0,,1.0,1405,2343.0,2015,1,27,2015-01-01
2015-01-28,12.0,,2.0,6223,9907.0,2015,1,28,2015-01-01
2015-01-29,31.0,,3.0,9845,14171.0,2015,1,29,2015-01-01
2015-01-30,21.0,,6.0,9943,12945.0,2015,1,30,2015-01-01
2015-01-31,38.0,,2.0,5752,7328.0,2015,1,31,2015-01-01
2015-02-01,72.0,,8.0,7214,9186.0,2015,2,1,2015-02-01
2015-02-02,6.0,,0.0,1686,2635.0,2015,2,2,2015-02-01
2015-02-03,5.0,,1.0,5443,7816.0,2015,2,3,2015-02-01
2015-02-04,27.0,,1.0,9854,13775.0,2015,2,4,2015-02-01
2015-02-05,13.0,,1.0,9977,12607.0,2015,2,5,2015-02-01
2015-02-06,26.0,,4.0,9334,11948.0,2015,2,6,2015-02-01
2015-02-07,83.0,,7.0,7346,10045.0,2015,2,7,2015-02-01
2015-02-08,65.0,,7.0,7180,9671.0,2015,2,8,2015-02-01
2015-02-09,10.0,,3.0,5717,7234.0,2015,2,9,2015-02-01
2015-02-10,36.0,,5.0,11289,14526.0,2015,2,10,2015-02-01
2015-02-11,46.0,,12.0,12453,16204.0,2015,2,11,2015-02-01
2015-02-12,45.0,,4.0,12651,16248.0,2015,2,12,2015-02-01
2015-02-13,28.0,,2.0,8595,10773.0,2015,2,13,2015-02-01
2015-02-14,54.0,,2.0,5124,6392.0,2015,2,14,2015-02-01
2015-02-15,12.0,,0.0,2837,3289.0,2015,2,15,2015-02-01
2015-02-16,19.0,,2.0,4500,5423.0,2015,2,16,2015-02-01
2015-02-17,14.0,,2.0,5289,6869.0,2015,2,17,2015-02-01
2015-02-18,35.0,,6.0,10001,12995.0,2015,2,18,2015-02-01
2015-02-19,14.0,,0.0,8485,10080.0,2015,2,19,2015-02-01
2015-02-20,14.0,,3.0,6825,8056.0,2015,2,20,2015-02-01
2015-02-21,24.0,,5.0,3453,4164.0,2015,2,21,2015-02-01
2015-02-22,55.0,,4.0,4654,6648.0,2015,2,22,2015-02-01
2015-02-23,11.0,,8.0,8343,10519.0,2015,2,23,2015-02-01
2015-02-24,12.0,,1.0,8483,10675.0,2015,2,24,2015-02-01
2015-02-25,49.0,,5.0,12057,15655.0,2015,2,25,2015-02-01
2015-02-26,26.0,,7.0,11047,14744.0,2015,2,26,2015-02-01
2015-02-27,57.0,,10.0,10861,14313.0,2015,2,27,2015-02-01
2015-02-28,71.0,,3.0,6836,8975.0,2015,2,28,2015-02-01
2015-03-01,37.0,,4.0,3169,4042.0,2015,3,1,2015-03-01
2015-03-02,27.0,,3.0,8019,10767.0,2015,3,2,2015-03-01
2015-03-03,18.0,,2.0,7178,9430.0,2015,3,3,2015-03-01
2015-03-04,28.0,,4.0,8265,10842.0,2015,3,4,2015-03-01
2015-03-05,4.0,,0.0,1821,2604.0,2015,3,5,2015-03-01
2015-03-06,19.0,,6.0,5953,8248.0,2015,3,6,2015-03-01
2015-03-07,96.0,,9.0,6255,8849.0,2015,3,7,2015-03-01
2015-03-08,245.0,,16.0,8711,13701.0,2015,3,8,2015-03-01
2015-03-09,218.0,,24.0,16365,24159.0,2015,3,9,2015-03-01
2015-03-10,126.0,,17.0,13080,17626.0,2015,3,10,2015-03-01
2015-03-11,386.0,,29.0,21728,33446.0,2015,3,11,2015-03-01
2015-03-12,195.0,,22.0,19246,26931.0,2015,3,12,2015-03-01
2015-03-13,239.0,,27.0,17850,24699.0,2015,3,13,2015-03-01
2015-03-14,60.0,,5.0,4302,5592.0,2015,3,14,2015-03-01
2015-03-15,260.0,,31.0,9676,13635.0,2015,3,15,2015-03-01
2015-03-16,273.0,,35.0,18476,26091.0,2015,3,16,2015-03-01
2015-03-17,178.0,,21.0,16287,22462.0,2015,3,17,2015-03-01
2015-03-18,110.0,,15.0,15050,11465.0,2015,3,18,2015-03-01
2015-03-19,150.0,,14.0,16699,16176.0,2015,3,19,2015-03-01
2015-03-20,58.0,,6.0,8786,11465.0,2015,3,20,2015-03-01
2015-03-21,367.0,,23.0,10236,16176.0,2015,3,21,2015-03-01
2015-03-22,381.0,,10.0,10638,16098.0,2015,3,22,2015-03-01
2015-03-23,111.0,,25.0,14669,18957.0,2015,3,23,2015-03-01
2015-03-24,168.0,,34.0,17532,23581.0,2015,3,24,2015-03-01
2015-03-25,136.0,,22.0,15851,21456.0,2015,3,25,2015-03-01
2015-03-26,125.0,,25.0,16193,22876.0,2015,3,26,2015-03-01
2015-03-27,188.0,,19.0,15433,21520.0,2015,3,27,2015-03-01
2015-03-28,10.0,,2.0,1255,1562.0,2015,3,28,2015-03-01
2015-03-29,473.0,,27.0,10585,17373.0,2015,3,29,2015-03-01
2015-03-30,244.0,,53.0,19250,26828.0,2015,3,30,2015-03-01
2015-03-31,122.0,,38.0,15199,20532.0,2015,3,31,2015-03-01
2015-04-01,325.0,,34.0,21566,31708.0,2015,4,1,2015-04-01
2015-04-02,864.0,,65.0,26346,43134.0,2015,4,2,2015-04-01
2015-04-03,365.0,,27.0,15978,23643.0,2015,4,3,2015-04-01
2015-04-04,1029.0,,46.0,15538,27764.0,2015,4,4,2015-04-01
2015-04-05,1208.0,,52.0,14962,29709.0,2015,4,5,2015-04-01
2015-04-06,1065.0,,73.0,25502,43529.0,2015,4,6,2015-04-01
2015-04-07,270.0,,33.0,17640,24209.0,2015,4,7,2015-04-01
2015-04-08,276.0,,30.0,19223,26004.0,2015,4,8,2015-04-01
2015-04-09,163.0,,20.0,17723,23891.0,2015,4,9,2015-04-01
2015-04-10,289.0,,37.0,17648,25628.0,2015,4,10,2015-04-01
2015-04-11,1600.0,,59.0,20451,39786.0,2015,4,11,2015-04-01
2015-04-12,1951.0,,87.0,21851,46764.0,2015,4,12,2015-04-01
2015-04-13,603.0,,73.0,26980,43753.0,2015,4,13,2015-04-01
2015-04-14,334.0,,53.0,24452,36555.0,2015,4,14,2015-04-01
2015-04-15,733.0,,84.0,30184,49727.0,2015,4,15,2015-04-01
2015-04-16,617.0,,57.0,29273,45915.0,2015,4,16,2015-04-01
2015-04-17,671.0,,81.0,26164,42203.0,2015,4,17,2015-04-01
2015-04-18,3685.0,,138.0,31024,71371.0,2015,4,18,2015-04-01
2015-04-19,1851.0,,103.0,23444,46416.0,2015,4,19,2015-04-01
2015-04-20,96.0,,23.0,12080,16377.0,2015,4,20,2015-04-01
2015-04-21,608.0,,88.0,27057,43508.0,2015,4,21,2015-04-01
2015-04-22,374.0,,51.0,23893,35999.0,2015,4,22,2015-04-01
2015-04-23,311.0,,61.0,23886,34259.0,2015,4,23,2015-04-01
2015-04-24,421.0,,37.0,22605,32678.0,2015,4,24,2015-04-01
2015-04-25,2095.0,,85.0,22963,46054.0,2015,4,25,2015-04-01
2015-04-26,1999.0,,128.0,23608,48664.0,2015,4,26,2015-04-01
2015-04-27,609.0,,99.0,27657,43197.0,2015,4,27,2015-04-01
2015-04-28,893.0,,98.0,32481,54129.0,2015,4,28,2015-04-01
2015-04-29,1087.0,,150.0,34427,59166.0,2015,4,29,2015-04-01
2015-04-30,785.0,,102.0,31756,51077.0,2015,4,30,2015-04-01
2015-05-01,917.0,,106.0,30345,48736.0,2015,5,1,2015-05-01
2015-05-02,2799.0,,138.0,28295,60188.0,2015,5,2,2015-05-01
2015-05-03,3361.0,,154.0,30446,69728.0,2015,5,3,2015-05-01
2015-05-04,1397.0,,191.0,35115,63531.0,2015,5,4,2015-05-01
2015-05-05,987.0,,145.0,35990,60088.0,2015,5,5,2015-05-01
2015-05-06,712.0,,90.0,32788,50987.0,2015,5,6,2015-05-01
2015-05-07,1271.0,,133.0,37762,64189.0,2015,5,7,2015-05-01
2015-05-08,1596.0,,170.0,37206,64255.0,2015,5,8,2015-05-01
2015-05-09,2077.0,,158.0,26813,51941.0,2015,5,9,2015-05-01
2015-05-10,2444.0,,189.0,28962,62364.0,2015,5,10,2015-05-01
2015-05-11,1084.0,,198.0,35068,57873.0,2015,5,11,2015-05-01
2015-05-12,1103.0,,179.0,38186,62939.0,2015,5,12,2015-05-01
2015-05-13,891.0,,119.0,36162,57091.0,2015,5,13,2015-05-01
2015-05-14,4927.0,,82.0,44429,80286.0,2015,5,14,2015-05-01
2015-05-15,1665.0,,181.0,37687,64660.0,2015,5,15,2015-05-01
2015-05-16,2392.0,,155.0,26142,50862.0,2015,5,16,2015-05-01
2015-05-17,3499.0,,189.0,34006,73458.0,2015,5,17,2015-05-01
2015-05-18,1031.0,,129.0,33527,53794.0,2015,5,18,2015-05-01
2015-05-19,943.0,,177.0,36272,58026.0,2015,5,19,2015-05-01
2015-05-20,923.0,,100.0,36020,57290.0,2015,5,20,2015-05-01
2015-05-21,746.0,,105.0,33076,50277.0,2015,5,21,2015-05-01
2015-05-22,1356.0,,150.0,33898,58351.0,2015,5,22,2015-05-01
2015-05-23,2967.0,,166.0,25985,56999.0,2015,5,23,2015-05-01
2015-05-24,3689.0,,156.0,27400,66211.0,2015,5,24,2015-05-01
2015-05-25,3392.0,,221.0,30636,69099.0,2015,5,25,2015-05-01
2015-05-26,1202.0,,188.0,38282,64504.0,2015,5,26,2015-05-01
2015-05-27,879.0,,124.0,35952,57511.0,2015,5,27,2015-05-01
2015-05-28,1014.0,,144.0,38291,61662.0,2015,5,28,2015-05-01
2015-05-29,1648.0,,134.0,40179,69343.0,2015,5,29,2015-05-01
2015-05-30,3082.0,,192.0,33503,69481.0,2015,5,30,2015-05-01
2015-05-31,1606.0,,105.0,21196,40580.0,2015,5,31,2015-05-01
2015-06-01,162.0,,41.0,16079,20369.0,2015,6,1,2015-06-01
2015-06-02,75.0,,35.0,12706,15730.0,2015,6,2,2015-06-01
2015-06-03,1129.0,,143.0,36345,58749.0,2015,6,3,2015-06-01
2015-06-04,806.0,,147.0,34390,52792.0,2015,6,4,2015-06-01
2015-06-05,959.0,,117.0,32861,51079.0,2015,6,5,2015-06-01
2015-06-06,2457.0,,144.0,27910,55613.0,2015,6,6,2015-06-01
2015-06-07,3295.0,,169.0,32881,71994.0,2015,6,7,2015-06-01
2015-06-08,1045.0,,168.0,35453,58140.0,2015,6,8,2015-06-01
2015-06-09,889.0,,140.0,37322,59489.0,2015,6,9,2015-06-01
2015-06-10,1223.0,,140.0,41386,69035.0,2015,6,10,2015-06-01
2015-06-11,1060.0,,137.0,39083,62993.0,2015,6,11,2015-06-01
2015-06-12,1374.0,,131.0,36801,60933.0,2015,6,12,2015-06-01
2015-06-13,3045.0,,168.0,31772,67103.0,2015,6,13,2015-06-01
2015-06-14,2633.0,,192.0,29829,62977.0,2015,6,14,2015-06-01
2015-06-15,575.0,,122.0,26533,38705.0,2015,6,15,2015-06-01
2015-06-16,798.0,,151.0,33832,52864.0,2015,6,16,2015-06-01
2015-06-17,1145.0,,160.0,40009,65208.0,2015,6,17,2015-06-01
2015-06-18,792.0,,144.0,37326,56562.0,2015,6,18,2015-06-01
2015-06-19,1543.0,,143.0,39350,66914.0,2015,6,19,2015-06-01
2015-06-20,1747.0,,125.0,24937,45872.0,2015,6,20,2015-06-01
2015-06-21,2295.0,,140.0,27486,55513.0,2015,6,21,2015-06-01
2015-06-22,1282.0,,202.0,39758,66659.0,2015,6,22,2015-06-01
2015-06-23,824.0,,147.0,34182,52805.0,2015,6,23,2015-06-01
2015-06-24,1270.0,,189.0,43484,73125.0,2015,6,24,2015-06-01
2015-06-25,1166.0,,135.0,41618,68362.0,2015,6,25,2015-06-01
2015-06-26,1579.0,,182.0,40599,68529.0,2015,6,26,2015-06-01
2015-06-27,1143.0,,65.0,16271,28233.0,2015,6,27,2015-06-01
2015-06-28,1610.0,,101.0,21588,42273.0,2015,6,28,2015-06-01
2015-06-29,1452.0,,196.0,39785,69309.0,2015,6,29,2015-06-01
2015-06-30,1220.0,,156.0,39839,65564.0,2015,6,30,2015-06-01
2015-07-01,1251.0,,142.0,39019,64472.0,2015,7,1,2015-07-01
2015-07-02,1411.0,,175.0,36962,62434.0,2015,7,2,2015-07-01
2015-07-03,2818.0,,173.0,27821,58884.0,2015,7,3,2015-07-01
2015-07-04,3036.0,,130.0,22347,53110.0,2015,7,4,2015-07-01
2015-07-05,2829.0,,180.0,26708,61185.0,2015,7,5,2015-07-01
2015-07-06,1287.0,,224.0,36174,62539.0,2015,7,6,2015-07-01
2015-07-07,1071.0,,200.0,37930,63163.0,2015,7,7,2015-07-01
2015-07-08,823.0,,139.0,35900,57751.0,2015,7,8,2015-07-01
2015-07-09,900.0,,122.0,32734,52402.0,2015,7,9,2015-07-01
2015-07-10,1724.0,,143.0,39687,71490.0,2015,7,10,2015-07-01
2015-07-11,3190.0,,178.0,32620,69705.0,2015,7,11,2015-07-01
2015-07-12,2875.0,,166.0,31853,68158.0,2015,7,12,2015-07-01
2015-07-13,1273.0,,238.0,39586,67998.0,2015,7,13,2015-07-01
2015-07-14,754.0,,145.0,36671,58900.0,2015,7,14,2015-07-01
2015-07-15,873.0,,111.0,35855,57781.0,2015,7,15,2015-07-01
2015-07-16,1676.0,,197.0,43302,76535.0,2015,7,16,2015-07-01
2015-07-17,1815.0,,161.0,40782,73884.0,2015,7,17,2015-07-01
2015-07-18,2800.0,,165.0,29619,61739.0,2015,7,18,2015-07-01
2015-07-19,2709.0,,169.0,29332,61512.0,2015,7,19,2015-07-01
2015-07-20,1052.0,,205.0,35960,59568.0,2015,7,20,2015-07-01
2015-07-21,1234.0,,170.0,39557,66191.0,2015,7,21,2015-07-01
2015-07-22,1363.0,,179.0,43602,75758.0,2015,7,22,2015-07-01
2015-07-23,1404.0,,166.0,43319,75512.0,2015,7,23,2015-07-01
2015-07-24,1778.0,,174.0,41201,72841.0,2015,7,24,2015-07-01
2015-07-25,3535.0,,148.0,32458,73133.0,2015,7,25,2015-07-01
2015-07-26,2889.0,,171.0,31325,66278.0,2015,7,26,2015-07-01
2015-07-27,1232.0,,230.0,39602,67841.0,2015,7,27,2015-07-01
2015-07-28,1245.0,,181.0,41321,69131.0,2015,7,28,2015-07-01
2015-07-29,1085.0,,153.0,40267,66299.0,2015,7,29,2015-07-01
2015-07-30,785.0,,108.0,31878,50297.0,2015,7,30,2015-07-01
2015-07-31,1723.0,,177.0,39360,69897.0,2015,7,31,2015-07-01
2015-08-01,4286.0,,234.0,36088,84287.0,2015,8,1,2015-08-01
2015-08-02,3189.0,,204.0,32482,72633.0,2015,8,2,2015-08-01
2015-08-03,1400.0,,230.0,39912,69232.0,2015,8,3,2015-08-01
2015-08-04,1393.0,,168.0,41672,71146.0,2015,8,4,2015-08-01
2015-08-05,1357.0,,160.0,42149,71111.0,2015,8,5,2015-08-01
2015-08-06,1498.0,,170.0,43455,74669.0,2015,8,6,2015-08-01
2015-08-07,1862.0,,154.0,41967,74844.0,2015,8,7,2015-08-01
2015-08-08,5101.0,,205.0,39866,95931.0,2015,8,8,2015-08-01
2015-08-09,3425.0,,177.0,33654,78144.0,2015,8,9,2015-08-01
2015-08-10,1518.0,,228.0,40718,74754.0,2015,8,10,2015-08-01
2015-08-11,622.0,,107.0,25692,42534.0,2015,8,11,2015-08-01
2015-08-12,1458.0,,196.0,44145,80366.0,2015,8,12,2015-08-01
2015-08-13,1479.0,,155.0,43174,78784.0,2015,8,13,2015-08-01
2015-08-14,1778.0,,195.0,40903,72319.0,2015,8,14,2015-08-01
2015-08-15,4773.0,,226.0,38777,92390.0,2015,8,15,2015-08-01
2015-08-16,2720.0,,179.0,30337,65629.0,2015,8,16,2015-08-01
2015-08-17,1285.0,,180.0,37446,64425.0,2015,8,17,2015-08-01
2015-08-18,1163.0,,158.0,39913,67805.0,2015,8,18,2015-08-01
2015-08-19,1266.0,,151.0,40721,69834.0,2015,8,19,2015-08-01
2015-08-20,1275.0,,140.0,39275,66772.0,2015,8,20,2015-08-01
2015-08-21,1572.0,,160.0,38033,66202.0,2015,8,21,2015-08-01
2015-08-22,3632.0,,190.0,34269,77058.0,2015,8,22,2015-08-01
2015-08-23,2960.0,,178.0,33059,71456.0,2015,8,23,2015-08-01
2015-08-24,1253.0,,182.0,38676,68193.0,2015,8,24,2015-08-01
2015-08-25,1224.0,,178.0,41052,71734.0,2015,8,25,2015-08-01
2015-08-26,1247.0,,159.0,42373,73578.0,2015,8,26,2015-08-01
2015-08-27,1333.0,,161.0,42801,74735.0,2015,8,27,2015-08-01
2015-08-28,1774.0,,160.0,41418,74240.0,2015,8,28,2015-08-01
2015-08-29,3470.0,,197.0,34053,74840.0,2015,8,29,2015-08-01
2015-08-30,2902.0,,189.0,32581,68990.0,2015,8,30,2015-08-01
2015-08-31,1197.0,,194.0,40043,67836.0,2015,8,31,2015-08-01
2015-09-01,1199.0,,185.0,43069,72939.0,2015,9,1,2015-09-01
2015-09-02,1244.0,,162.0,43004,72983.0,2015,9,2,2015-09-01
2015-09-03,1251.0,,193.0,42462,71265.0,2015,9,3,2015-09-01
2015-09-04,1843.0,,211.0,39572,70681.0,2015,9,4,2015-09-01
2015-09-05,4271.0,,228.0,33669,77956.0,2015,9,5,2015-09-01
2015-09-06,4571.0,,200.0,32875,82123.0,2015,9,6,2015-09-01
2015-09-07,3501.0,,155.0,33280,75257.0,2015,9,7,2015-09-01
2015-09-08,1138.0,,208.0,42344,71591.0,2015,9,8,2015-09-01
2015-09-09,1041.0,,175.0,43528,71173.0,2015,9,9,2015-09-01
2015-09-10,416.0,,77.0,22023,31862.0,2015,9,10,2015-09-01
2015-09-11,1929.0,,207.0,47206,86598.0,2015,9,11,2015-09-01
2015-09-12,2620.0,,192.0,33282,68420.0,2015,9,12,2015-09-01
2015-09-13,2814.0,,215.0,34308,72749.0,2015,9,13,2015-09-01
2015-09-14,1751.0,,240.0,44367,83150.0,2015,9,14,2015-09-01
2015-09-15,1533.0,,227.0,48402,88238.0,2015,9,15,2015-09-01
2015-09-16,1424.0,,199.0,50780,91197.0,2015,9,16,2015-09-01
2015-09-17,1508.0,,206.0,50275,91433.0,2015,9,17,2015-09-01
2015-09-18,2090.0,,226.0,49946,95186.0,2015,9,18,2015-09-01
2015-09-19,184.0,,,42653,98568.0,2015,9,19,2015-09-01
2015-09-20,3598.0,,234.0,40099,90483.0,2015,9,20,2015-09-01
2015-09-21,1290.0,,249.0,47178,85002.0,2015,9,21,2015-09-01
2015-09-22,1080.0,,191.0,48664,84251.0,2015,9,22,2015-09-01
2015-09-23,1568.0,,218.0,48175,88117.0,2015,9,23,2015-09-01
2015-09-24,1766.0,,204.0,52706,96872.0,2015,9,24,2015-09-01
2015-09-25,2059.0,,193.0,51367,95467.0,2015,9,25,2015-09-01
2015-09-26,3769.0,,219.0,42559,93740.0,2015,9,26,2015-09-01
2015-09-27,2940.0,,151.0,38278,82841.0,2015,9,27,2015-09-01
2015-09-28,1505.0,,223.0,48009,90180.0,2015,9,28,2015-09-01
2015-09-29,1284.0,,173.0,48728,87702.0,2015,9,29,2015-09-01
2015-09-30,744.0,,77.0,39450,65081.0,2015,9,30,2015-09-01
2015-10-01,804.0,,92.0,34719,55662.0,2015,10,1,2015-10-01
2015-10-02,65.0,,4.0,9444,12111.0,2015,10,2,2015-10-01
2015-10-03,489.0,,64.0,16564,25241.0,2015,10,3,2015-10-01
2015-10-04,2005.0,,127.0,30214,59317.0,2015,10,4,2015-10-01
2015-10-05,1193.0,,176.0,44581,78665.0,2015,10,5,2015-10-01
2015-10-06,1328.0,,167.0,49720,89905.0,2015,10,6,2015-10-01
2015-10-07,1211.0,,172.0,50141,89586.0,2015,10,7,2015-10-01
2015-10-08,1436.0,,180.0,50179,88959.0,2015,10,8,2015-10-01
2015-10-09,1302.0,,97.0,37283,65046.0,2015,10,9,2015-10-01
2015-10-10,3864.0,,206.0,39348,87575.0,2015,10,10,2015-10-01
2015-10-11,4004.0,,171.0,38967,92607.0,2015,10,11,2015-10-01
2015-10-12,2452.0,,189.0,45584,102884.0,2015,10,12,2015-10-01
2015-10-13,1235.0,,151.0,49047,101421.0,2015,10,13,2015-10-01
2015-10-14,1069.0,,150.0,50000,99751.0,2015,10,14,2015-10-01
2015-10-15,1318.0,,155.0,48783,96975.0,2015,10,15,2015-10-01
2015-10-16,1522.0,,118.0,46486,93266.0,2015,10,16,2015-10-01
2015-10-17,2239.0,,120.0,31811,70864.0,2015,10,17,2015-10-01
2015-10-18,1141.0,,75.0,23978,49590.0,2015,10,18,2015-10-01
2015-10-19,661.0,,116.0,36570,66941.0,2015,10,19,2015-10-01
2015-10-20,1093.0,,147.0,45377,89988.0,2015,10,20,2015-10-01
2015-10-21,1339.0,,162.0,49121,100309.0,2015,10,21,2015-10-01
2015-10-22,1342.0,,177.0,49604,100026.0,2015,10,22,2015-10-01
2015-10-23,1429.0,,123.0,44681,90710.0,2015,10,23,2015-10-01
2015-10-24,2254.0,,101.0,31713,71472.0,2015,10,24,2015-10-01
2015-10-25,1761.0,,90.0,29289,62798.0,2015,10,25,2015-10-01
2015-10-26,1039.0,,154.0,42166,81381.0,2015,10,26,2015-10-01
2015-10-27,866.0,,86.0,44553,83174.0,2015,10,27,2015-10-01
2015-10-28,128.0,,25.0,20736,34040.0,2015,10,28,2015-10-01
2015-10-29,1179.0,,167.0,45359,90367.0,2015,10,29,2015-10-01
2015-10-30,1558.0,,154.0,44521,90284.0,2015,10,30,2015-10-01
2015-10-31,2206.0,,145.0,31759,70082.0,2015,10,31,2015-10-01
2015-11-01,2090.0,,111.0,30622,66939.0,2015,11,1,2015-11-01
2015-11-02,1316.0,,190.0,44534,89099.0,2015,11,2,2015-11-01
2015-11-03,1567.0,,166.0,49326,100760.0,2015,11,3,2015-11-01
2015-11-04,1217.0,,139.0,49487,99144.0,2015,11,4,2015-11-01
2015-11-05,849.0,,108.0,43006,81276.0,2015,11,5,2015-11-01
2015-11-06,1571.0,,122.0,47162,95321.0,2015,11,6,2015-11-01
2015-11-07,2643.0,,149.0,35586,79866.0,2015,11,7,2015-11-01
2015-11-08,2361.0,,99.0,32318,73329.0,2015,11,8,2015-11-01
2015-11-09,899.0,,102.0,42262,78410.0,2015,11,9,2015-11-01
2015-11-10,120.0,,42.0,21585,34847.0,2015,11,10,2015-11-01
2015-11-11,712.0,,95.0,37705,68696.0,2015,11,11,2015-11-01
2015-11-12,430.0,,61.0,37319,64556.0,2015,11,12,2015-11-01
2015-11-13,892.0,,78.0,38970,70190.0,2015,11,13,2015-11-01
2015-11-14,1349.0,,72.0,25300,50403.0,2015,11,14,2015-11-01
2015-11-15,1497.0,,78.0,25991,54736.0,2015,11,15,2015-11-01
2015-11-16,833.0,,105.0,40916,78389.0,2015,11,16,2015-11-01
2015-11-17,488.0,,66.0,38939,68151.0,2015,11,17,2015-11-01
2015-11-18,498.0,,82.0,41486,73030.0,2015,11,18,2015-11-01
2015-11-19,167.0,,37.0,21890,36884.0,2015,11,19,2015-11-01
2015-11-20,890.0,,73.0,38205,71192.0,2015,11,20,2015-11-01
2015-11-21,1572.0,,65.0,28038,56288.0,2015,11,21,2015-11-01
2015-11-22,905.0,,39.0,23344,44743.0,2015,11,22,2015-11-01
2015-11-23,382.0,,43.0,30136,51812.0,2015,11,23,2015-11-01
2015-11-24,392.0,,43.0,32218,53981.0,2015,11,24,2015-11-01
2015-11-25,636.0,,54.0,30295,55504.0,2015,11,25,2015-11-01
2015-11-26,1436.0,,61.0,13291,35956.0,2015,11,26,2015-11-01
2015-11-27,1859.0,,78.0,22829,51342.0,2015,11,27,2015-11-01
2015-11-28,1061.0,,45.0,15832,32196.0,2015,11,28,2015-11-01
2015-11-29,888.0,,45.0,18453,36854.0,2015,11,29,2015-11-01
2015-11-30,346.0,,62.0,30221,52674.0,2015,11,30,2015-11-01
2015-12-01,61.0,,22.0,18399,29273.0,2015,12,1,2015-12-01
2015-12-02,138.0,,29.0,23782,39484.0,2015,12,2,2015-12-01
2015-12-03,348.0,,42.0,33917,59184.0,2015,12,3,2015-12-01
2015-12-04,549.0,,60.0,34737,61717.0,2015,12,4,2015-12-01
2015-12-05,1638.0,,66.0,26355,56227.0,2015,12,5,2015-12-01
2015-12-06,1321.0,,53.0,24942,52485.0,2015,12,6,2015-12-01
2015-12-07,554.0,,84.0,34139,60929.0,2015,12,7,2015-12-01
2015-12-08,411.0,,69.0,35614,59619.0,2015,12,8,2015-12-01
2015-12-09,355.0,,33.0,35305,59954.0,2015,12,9,2015-12-01
2015-12-10,638.0,,67.0,39099,69925.0,2015,12,10,2015-12-01
2015-12-11,822.0,,63.0,39059,72153.0,2015,12,11,2015-12-01
2015-12-12,2192.0,,51.0,31956,68858.0,2015,12,12,2015-12-01
2015-12-13,2470.0,,68.0,32001,72863.0,2015,12,13,2015-12-01
2015-12-14,606.0,,56.0,32518,57195.0,2015,12,14,2015-12-01
2015-12-15,606.0,,54.0,38660,67753.0,2015,12,15,2015-12-01
2015-12-16,436.0,,50.0,35643,61011.0,2015,12,16,2015-12-01
2015-12-17,120.0,,26.0,21960,35033.0,2015,12,17,2015-12-01
2015-12-18,384.0,,38.0,30699,51270.0,2015,12,18,2015-12-01
2015-12-19,527.0,,31.0,17776,30995.0,2015,12,19,2015-12-01
2015-12-20,604.0,,36.0,17029,30624.0,2015,12,20,2015-12-01
2015-12-21,494.0,,29.0,29800,54373.0,2015,12,21,2015-12-01
2015-12-22,274.0,,26.0,22941,39410.0,2015,12,22,2015-12-01
2015-12-23,172.0,,19.0,14817,28228.0,2015,12,23,2015-12-01
2015-12-24,660.0,,64.0,18445,35231.0,2015,12,24,2015-12-01
2015-12-25,2171.0,,84.0,12331,37829.0,2015,12,25,2015-12-01
2015-12-26,1021.0,,96.0,13912,30690.0,2015,12,26,2015-12-01
2015-12-27,1064.0,,83.0,13176,30096.0,2015,12,27,2015-12-01
2015-12-28,756.0,,69.0,18889,39889.0,2015,12,28,2015-12-01
2015-12-29,211.0,,36.0,13347,24451.0,2015,12,29,2015-12-01
2015-12-30,888.0,,57.0,22476,43736.0,2015,12,30,2015-12-01
2015-12-31,1072.0,,54.0,20375,40032.0,2015,12,31,2015-12-01
2016-01-01,919.0,,51.0,11009,24429.0,2016,1,1,2016-01-01
2016-01-02,877.0,,34.0,14587,29093.0,2016,1,2,2016-01-01
2016-01-03,784.0,,27.0,15499,29616.0,2016,1,3,2016-01-01
2016-01-04,166.0,,33.0,19593,36172.0,2016,1,4,2016-01-01
2016-01-05,121.0,,22.0,18053,32049.0,2016,1,5,2016-01-01
2016-01-06,265.0,,27.0,24569,40996.0,2016,1,6,2016-01-01
2016-01-07,318.0,,24.0,27773,45986.0,2016,1,7,2016-01-01
2016-01-08,364.0,,28.0,28709,47061.0,2016,1,8,2016-01-01
2016-01-09,632.0,,20.0,20846,37341.0,2016,1,9,2016-01-01
2016-01-10,391.0,,18.0,14275,25404.0,2016,1,10,2016-01-01
2016-01-11,155.0,,32.0,22937,37393.0,2016,1,11,2016-01-01
2016-01-12,151.0,,23.0,25211,38958.0,2016,1,12,2016-01-01
2016-01-13,82.0,,15.0,21133,31608.0,2016,1,13,2016-01-01
2016-01-14,123.0,,29.0,23780,37295.0,2016,1,14,2016-01-01
2016-01-15,379.0,,27.0,28435,45993.0,2016,1,15,2016-01-01
2016-01-16,803.0,,37.0,19178,35791.0,2016,1,16,2016-01-01
2016-01-17,387.0,,22.0,12024,20487.0,2016,1,17,2016-01-01
2016-01-18,123.0,,13.0,12718,19998.0,2016,1,18,2016-01-01
2016-01-19,64.0,,12.0,17281,26966.0,2016,1,19,2016-01-01
2016-01-20,126.0,,11.0,23419,35477.0,2016,1,20,2016-01-01
2016-01-21,133.0,,15.0,23671,36048.0,2016,1,21,2016-01-01
2016-01-22,115.0,,6.0,20950,31344.0,2016,1,22,2016-01-01
2016-01-23,0.0,,0.0,0,0.0,2016,1,23,2016-01-01
2016-01-24,0.0,,0.0,0,0.0,2016,1,24,2016-01-01
2016-01-25,0.0,,0.0,0,0.0,2016,1,25,2016-01-01
2016-01-26,0.0,,0.0,0,0.0,2016,1,26,2016-01-01
2016-01-27,54.0,,6.0,6760,13698.0,2016,1,27,2016-01-01
2016-01-28,81.0,,9.0,11944,22314.0,2016,1,28,2016-01-01
2016-01-29,118.0,,27.0,16028,26896.0,2016,1,29,2016-01-01
2016-01-30,328.0,,23.0,12964,23350.0,2016,1,30,2016-01-01
2016-01-31,533.0,,17.0,16112,31280.0,2016,1,31,2016-01-01
2016-02-01,202.0,,31.0,24334,42380.0,2016,2,1,2016-02-01
2016-02-02,280.0,,31.0,28527,47742.0,2016,2,2,2016-02-01
2016-02-03,63.0,,12.0,16203,24225.0,2016,2,3,2016-02-01
2016-02-04,304.0,,24.0,27765,47458.0,2016,2,4,2016-02-01
2016-02-05,102.0,,7.0,13669,25538.0,2016,2,5,2016-02-01
2016-02-06,586.0,,35.0,16933,38782.0,2016,2,6,2016-02-01
2016-02-07,622.0,,30.0,17605,31524.0,2016,2,7,2016-02-01
2016-02-08,80.0,,20.0,19026,28648.0,2016,2,8,2016-02-01
2016-02-09,156.0,,9.0,22740,40198.0,2016,2,9,2016-02-01
2016-02-10,130.0,,17.0,22418,38402.0,2016,2,10,2016-02-01
2016-02-11,87.0,,15.0,18747,27783.0,2016,2,11,2016-02-01
2016-02-12,104.0,,16.0,16445,27143.0,2016,2,12,2016-02-01
2016-02-13,46.0,,4.0,6625,11589.0,2016,2,13,2016-02-01
2016-02-14,78.0,,4.0,4652,6934.0,2016,2,14,2016-02-01
2016-02-15,43.0,,1.0,5883,8747.0,2016,2,15,2016-02-01
2016-02-16,53.0,,19.0,14225,27802.0,2016,2,16,2016-02-01
2016-02-17,182.0,,26.0,23572,38304.0,2016,2,17,2016-02-01
2016-02-18,202.0,,26.0,22261,34431.0,2016,2,18,2016-02-01
2016-02-19,268.0,,17.0,21959,35317.0,2016,2,19,2016-02-01
2016-02-20,1710.0,,50.0,24484,53540.0,2016,2,20,2016-02-01
2016-02-21,1228.0,,29.0,20052,41645.0,2016,2,21,2016-02-01
2016-02-22,455.0,,37.0,28233,48237.0,2016,2,22,2016-02-01
2016-02-23,62.0,,10.0,16133,26379.0,2016,2,23,2016-02-01
2016-02-24,38.0,,3.0,9761,14994.0,2016,2,24,2016-02-01
2016-02-25,237.0,,23.0,25102,42707.0,2016,2,25,2016-02-01
2016-02-26,254.0,,19.0,22574,36101.0,2016,2,26,2016-02-01
2016-02-27,706.0,,18.0,17226,37583.0,2016,2,27,2016-02-01
2016-02-28,2335.0,,43.0,25440,61595.0,2016,2,28,2016-02-01
2016-02-29,376.0,,58.0,27957,47933.0,2016,2,29,2016-02-01
2016-03-01,470.0,,66.0,30509,55160.0,2016,3,1,2016-03-01
2016-03-02,235.0,,35.0,26195,43535.0,2016,3,2,2016-03-01
2016-03-03,215.0,,22.0,24061,37848.0,2016,3,3,2016-03-01
2016-03-04,150.0,,16.0,17369,29100.0,2016,3,4,2016-03-01
2016-03-05,785.0,,46.0,18023,36875.0,2016,3,5,2016-03-01
2016-03-06,837.0,,40.0,18832,36377.0,2016,3,6,2016-03-01
2016-03-07,633.0,,58.0,31492,56232.0,2016,3,7,2016-03-01
2016-03-08,723.0,,98.0,36521,67958.0,2016,3,8,2016-03-01
2016-03-09,1226.0,,125.0,41489,81662.0,2016,3,9,2016-03-01
2016-03-10,1271.0,,111.0,42252,82079.0,2016,3,10,2016-03-01
2016-03-11,1266.0,,79.0,38193,76636.0,2016,3,11,2016-03-01
2016-03-12,3247.0,,105.0,32770,81491.0,2016,3,12,2016-03-01
2016-03-13,2216.0,,67.0,27549,63214.0,2016,3,13,2016-03-01
2016-03-14,70.0,,17.0,10930,16498.0,2016,3,14,2016-03-01
2016-03-15,582.0,,79.0,31595,57722.0,2016,3,15,2016-03-01
2016-03-16,930.0,,78.0,36067,68713.0,2016,3,16,2016-03-01
2016-03-17,785.0,,98.0,35390,65353.0,2016,3,17,2016-03-01
2016-03-18,933.0,,87.0,34647,69122.0,2016,3,18,2016-03-01
2016-03-19,1411.0,,69.0,24048,49113.0,2016,3,19,2016-03-01
2016-03-20,633.0,,40.0,16676,29737.0,2016,3,20,2016-03-01
2016-03-21,428.0,,57.0,26414,44457.0,2016,3,21,2016-03-01
2016-03-22,705.0,,99.0,33496,62248.0,2016,3,22,2016-03-01
2016-03-23,1279.0,,120.0,40981,80289.0,2016,3,23,2016-03-01
2016-03-24,1045.0,,101.0,36495,67590.0,2016,3,24,2016-03-01
2016-03-25,1684.0,,128.0,34091,70525.0,2016,3,25,2016-03-01
2016-03-26,2834.0,,108.0,27474,67267.0,2016,3,26,2016-03-01
2016-03-27,2080.0,,67.0,22481,52462.0,2016,3,27,2016-03-01
2016-03-28,375.0,,60.0,20344,35548.0,2016,3,28,2016-03-01
2016-03-29,588.0,,97.0,31481,55067.0,2016,3,29,2016-03-01
2016-03-30,769.0,,64.0,33674,61264.0,2016,3,30,2016-03-01
2016-03-31,1141.0,,91.0,38192,79447.0,2016,3,31,2016-03-01
2016-04-01,1113.0,0.0,82.0,34448,67595.0,2016,4,1,2016-04-01
2016-04-02,1193.0,0.0,63.0,21838,46206.0,2016,4,2,2016-04-01
2016-04-03,448.0,0.0,31.0,15321,28615.0,2016,4,3,2016-04-01
2016-04-04,49.0,0.0,19.0,12302,20143.0,2016,4,4,2016-04-01
2016-04-05,341.0,0.0,56.0,26236,43723.0,2016,4,5,2016-04-01
2016-04-06,443.0,0.0,37.0,29364,48901.0,2016,4,6,2016-04-01
2016-04-07,280.0,0.0,65.0,30400,54591.0,2016,4,7,2016-04-01
2016-04-08,542.0,0.0,51.0,30811,53039.0,2016,4,8,2016-04-01
2016-04-09,346.0,0.0,21.0,12698,21151.0,2016,4,9,2016-04-01
2016-04-10,1508.0,0.0,48.0,23228,49190.0,2016,4,10,2016-04-01
2016-04-11,668.0,0.0,82.0,32048,59206.0,2016,4,11,2016-04-01
2016-04-12,316.0,0.0,50.0,23765,43504.0,2016,4,12,2016-04-01
2016-04-13,761.0,0.0,106.0,37538,71788.0,2016,4,13,2016-04-01
2016-04-14,963.0,0.0,93.0,38502,88278.0,2016,4,14,2016-04-01
2016-04-15,1273.0,0.0,118.0,39676,86981.0,2016,4,15,2016-04-01
2016-04-16,3726.0,0.0,141.0,36148,102228.0,2016,4,16,2016-04-01
2016-04-17,4348.0,0.0,190.0,38838,115805.0,2016,4,17,2016-04-01
2016-04-18,1595.0,0.0,197.0,43989,102730.0,2016,4,18,2016-04-01
2016-04-19,1130.0,0.0,184.0,46075,107515.0,2016,4,19,2016-04-01
2016-04-20,1160.0,0.0,116.0,44542,104249.0,2016,4,20,2016-04-01
2016-04-21,1307.0,0.0,149.0,45568,104484.0,2016,4,21,2016-04-01
2016-04-22,4230.0,0.0,105.0,48806,113556.0,2016,4,22,2016-04-01
2016-04-23,3309.0,0.0,155.0,33631,96274.0,2016,4,23,2016-04-01
2016-04-24,4026.0,0.0,177.0,37862,115132.0,2016,4,24,2016-04-01
2016-04-25,1698.0,0.0,170.0,42303,100925.0,2016,4,25,2016-04-01
2016-04-26,741.0,0.0,97.0,34639,75454.0,2016,4,26,2016-04-01
2016-04-27,1395.0,0.0,110.0,41931,93272.0,2016,4,27,2016-04-01
2016-04-28,927.0,0.0,95.0,37428,74857.0,2016,4,28,2016-04-01
2016-04-29,1051.0,0.0,122.0,34878,78020.0,2016,4,29,2016-04-01
2016-04-30,4244.0,0.0,165.0,38258,110776.0,2016,4,30,2016-04-01
2016-05-01,260.0,0.0,24.0,10697,29020.0,2016,5,1,2016-05-01
2016-05-02,967.0,0.0,152.0,38536,84418.0,2016,5,2,2016-05-01
2016-05-03,350.0,0.0,45.0,22858,57652.0,2016,5,3,2016-05-01
2016-05-04,449.0,0.0,84.0,31619,67962.0,2016,5,4,2016-05-01
2016-05-05,970.0,0.0,107.0,39903,80750.0,2016,5,5,2016-05-01
2016-05-06,275.0,0.0,45.0,18860,42069.0,2016,5,6,2016-05-01
2016-05-07,2293.0,0.0,133.0,31078,78977.0,2016,5,7,2016-05-01
2016-05-08,2773.0,0.0,157.0,31197,84464.0,2016,5,8,2016-05-01
2016-05-09,1389.0,0.0,195.0,45724,103071.0,2016,5,9,2016-05-01
2016-05-10,876.0,0.0,133.0,44849,89755.0,2016,5,10,2016-05-01
2016-05-11,1531.0,0.0,147.0,51181,106139.0,2016,5,11,2016-05-01
2016-05-12,1971.0,0.0,169.0,52273,115823.0,2016,5,12,2016-05-01
2016-05-13,855.0,0.0,92.0,32391,68317.0,2016,5,13,2016-05-01
2016-05-14,4186.0,0.0,212.0,42063,108807.0,2016,5,14,2016-05-01
2016-05-15,1865.0,0.0,116.0,28662,64857.0,2016,5,15,2016-05-01
2016-05-16,1362.0,0.0,186.0,42787,94791.0,2016,5,16,2016-05-01
2016-05-17,1012.0,0.0,154.0,43396,80744.0,2016,5,17,2016-05-01
2016-05-18,1120.0,0.0,121.0,44803,93320.0,2016,5,18,2016-05-01
2016-05-19,1471.0,151.0,0.0,49184,104291.0,2016,5,19,2016-05-01
2016-05-20,2349.0,184.0,0.0,52544,118192.0,2016,5,20,2016-05-01
2016-05-21,2174.0,138.0,0.0,30524,72663.0,2016,5,21,2016-05-01
2016-05-22,3159.0,131.0,0.0,37804,98270.0,2016,5,22,2016-05-01
2016-05-23,1549.0,177.0,0.0,48578,109072.0,2016,5,23,2016-05-01
2016-05-24,696.0,98.0,0.0,34799,68156.0,2016,5,24,2016-05-01
2016-05-25,1702.0,191.0,0.0,53441,125803.0,2016,5,25,2016-05-01
2016-05-26,1646.0,195.0,0.0,52134,124751.0,2016,5,26,2016-05-01
2016-05-27,1988.0,221.0,0.0,46943,106768.0,2016,5,27,2016-05-01
2016-05-28,3634.0,296.0,0.0,34233,95897.0,2016,5,28,2016-05-01
2016-05-29,4820.0,161.0,0.0,36881,114069.0,2016,5,29,2016-05-01
2016-05-30,2782.0,134.0,0.0,32627,94241.0,2016,5,30,2016-05-01
2016-05-31,1492.0,212.0,0.0,49774,106059.0,2016,5,31,2016-05-01
2016-06-01,1513.0,156.0,0.0,54662,127143.0,2016,6,1,2016-06-01
2016-06-02,1649.0,162.0,0.0,54401,124918.0,2016,6,2,2016-06-01
2016-06-03,1023.0,118.0,0.0,38975,85292.0,2016,6,3,2016-06-01
2016-06-04,3824.0,159.0,0.0,40973,107610.0,2016,6,4,2016-06-01
2016-06-05,1133.0,57.0,0.0,22395,54320.0,2016,6,5,2016-06-01
2016-06-06,1861.0,208.0,0.0,52130,123879.0,2016,6,6,2016-06-01
2016-06-07,1331.0,127.0,0.0,51761,114761.0,2016,6,7,2016-06-01
2016-06-08,673.0,74.0,0.0,42063,89460.0,2016,6,8,2016-06-01
2016-06-09,1556.0,168.0,0.0,52885,127585.0,2016,6,9,2016-06-01
2016-06-10,2022.0,207.0,0.0,53235,119143.0,2016,6,10,2016-06-01
2016-06-11,3432.0,126.0,0.0,40980,111784.0,2016,6,11,2016-06-01
2016-06-12,3335.0,173.0,0.0,40636,117814.0,2016,6,12,2016-06-01
2016-06-13,1364.0,200.0,0.0,49069,110720.0,2016,6,13,2016-06-01
2016-06-14,1471.0,153.0,0.0,54813,116030.0,2016,6,14,2016-06-01
2016-06-15,1524.0,154.0,0.0,55049,122197.0,2016,6,15,2016-06-01
2016-06-16,1104.0,144.0,0.0,46198,100175.0,2016,6,16,2016-06-01
2016-06-17,2677.0,155.0,0.0,54236,121671.0,2016,6,17,2016-06-01
2016-06-18,6432.0,158.0,0.0,48901,143869.0,2016,6,18,2016-06-01
2016-06-19,5555.0,151.0,0.0,45270,137558.0,2016,6,19,2016-06-01
2016-06-20,1488.0,211.0,0.0,52247,119765.0,2016,6,20,2016-06-01
2016-06-21,1331.0,144.0,0.0,53564,116215.0,2016,6,21,2016-06-01
2016-06-22,1476.0,157.0,0.0,55749,119611.0,2016,6,22,2016-06-01
2016-06-23,1253.0,160.0,0.0,53206,115262.0,2016,6,23,2016-06-01
2016-06-24,2142.0,224.0,0.0,54186,123440.0,2016,6,24,2016-06-01
2016-06-25,4069.0,176.0,0.0,43000,123815.0,2016,6,25,2016-06-01
2016-06-26,3784.0,156.0,0.0,42992,117472.0,2016,6,26,2016-06-01
2016-06-27,1400.0,164.0,0.0,47023,100253.0,2016,6,27,2016-06-01
2016-06-28,1099.0,114.0,0.0,49593,99918.0,2016,6,28,2016-06-01
2016-06-29,1402.0,128.0,0.0,54882,114793.0,2016,6,29,2016-06-01
2016-06-30,1571.0,141.0,0.0,54843,125575.0,2016,6,30,2016-06-01
2016-07-01,1316.0,139.0,,39665,82871.0,2016,7,1,2016-07-01
2016-07-02,3596.0,314.0,,35835,111151.0,2016,7,2,2016-07-01
2016-07-03,4095.0,169.0,,35347,111116.0,2016,7,3,2016-07-01
2016-07-04,3826.0,155.0,,34859,109745.0,2016,7,4,2016-07-01
2016-07-05,1357.0,160.0,,43736,92107.0,2016,7,5,2016-07-01
2016-07-06,1288.0,153.0,,51336,109240.0,2016,7,6,2016-07-01
2016-07-07,1255.0,113.0,,48724,99975.0,2016,7,7,2016-07-01
2016-07-08,1258.0,152.0,,44400,91632.0,2016,7,8,2016-07-01
2016-07-09,2844.0,145.0,,38138,107359.0,2016,7,9,2016-07-01
2016-07-10,3280.0,137.0,,41985,123282.0,2016,7,10,2016-07-01
2016-07-11,1440.0,211.0,,52853,122260.0,2016,7,11,2016-07-01
2016-07-12,1472.0,192.0,,56515,120414.0,2016,7,12,2016-07-01
2016-07-13,1510.0,146.0,,55471,121029.0,2016,7,13,2016-07-01
2016-07-14,1326.0,126.0,,50345,108541.0,2016,7,14,2016-07-01
2016-07-15,1709.0,173.0,,48558,104701.0,2016,7,15,2016-07-01
2016-07-16,3281.0,122.0,,38405,103429.0,2016,7,16,2016-07-01
2016-07-17,3440.0,153.0,,41346,120635.0,2016,7,17,2016-07-01
2016-07-18,1062.0,154.0,,43681,97216.0,2016,7,18,2016-07-01
2016-07-19,1498.0,139.0,,54587,116806.0,2016,7,19,2016-07-01
2016-07-20,1601.0,158.0,,57213,128799.0,2016,7,20,2016-07-01
2016-07-21,1553.0,161.0,,54832,128476.0,2016,7,21,2016-07-01
2016-07-22,1701.0,176.0,,49185,105666.0,2016,7,22,2016-07-01
2016-07-23,2932.0,138.0,,37522,101810.0,2016,7,23,2016-07-01
2016-07-24,2966.0,114.0,,39634,113680.0,2016,7,24,2016-07-01
2016-07-25,920.0,150.0,,35376,85145.0,2016,7,25,2016-07-01
2016-07-26,1385.0,168.0,,52904,108783.0,2016,7,26,2016-07-01
2016-07-27,1403.0,132.0,,54148,115744.0,2016,7,27,2016-07-01
2016-07-28,1292.0,123.0,,50134,98694.0,2016,7,28,2016-07-01
2016-07-29,1441.0,162.0,,37693,81355.0,2016,7,29,2016-07-01
2016-07-30,2242.0,112.0,,27780,72197.0,2016,7,30,2016-07-01
2016-07-31,1641.0,82.0,,27651,70377.0,2016,7,31,2016-07-01
2016-08-01,1359.0,166.0,,49395,101134.0,2016,8,1,2016-08-01
2016-08-02,1636.0,181.0,,56744,116187.0,2016,8,2,2016-08-01
2016-08-03,1827.0,143.0,,56992,118370.0,2016,8,3,2016-08-01
2016-08-04,1778.0,148.0,,56587,118563.0,2016,8,4,2016-08-01
2016-08-05,2012.0,185.0,,53286,116534.0,2016,8,5,2016-08-01
2016-08-06,4159.0,153.0,,44209,125188.0,2016,8,6,2016-08-01
2016-08-07,3856.0,149.0,,43631,116183.0,2016,8,7,2016-08-01
2016-08-08,1753.0,184.0,,52251,115847.0,2016,8,8,2016-08-01
2016-08-09,1701.0,165.0,,56101,114892.0,2016,8,9,2016-08-01
2016-08-10,1158.0,109.0,,50100,101761.0,2016,8,10,2016-08-01
2016-08-11,1238.0,152.0,,47420,93639.0,2016,8,11,2016-08-01
2016-08-12,1467.0,144.0,,44729,90685.0,2016,8,12,2016-08-01
2016-08-13,3333.0,125.0,,38903,100035.0,2016,8,13,2016-08-01
2016-08-14,2154.0,91.0,,32961,74055.0,2016,8,14,2016-08-01
2016-08-15,1417.0,175.0,,49056,107305.0,2016,8,15,2016-08-01
2016-08-16,1295.0,164.0,,50411,103010.0,2016,8,16,2016-08-01
2016-08-17,1430.0,138.0,,53983,113583.0,2016,8,17,2016-08-01
2016-08-18,1459.0,163.0,,53209,115041.0,2016,8,18,2016-08-01
2016-08-19,1862.0,175.0,,51658,110723.0,2016,8,19,2016-08-01
2016-08-20,4385.0,167.0,,45808,138864.0,2016,8,20,2016-08-01
2016-08-21,2664.0,127.0,,35041,96941.0,2016,8,21,2016-08-01
2016-08-22,1679.0,192.0,,54201,118995.0,2016,8,22,2016-08-01
2016-08-23,1675.0,170.0,,58665,127012.0,2016,8,23,2016-08-01
2016-08-24,1597.0,160.0,,58134,127066.0,2016,8,24,2016-08-01
2016-08-25,1436.0,169.0,,53480,111985.0,2016,8,25,2016-08-01
2016-08-26,1878.0,197.0,,52026,112005.0,2016,8,26,2016-08-01
2016-08-27,3767.0,173.0,,45673,120578.0,2016,8,27,2016-08-01
2016-08-28,3560.0,159.0,,44639,121056.0,2016,8,28,2016-08-01
2016-08-29,1530.0,174.0,,53279,115101.0,2016,8,29,2016-08-01
2016-08-30,1510.0,160.0,,57392,121098.0,2016,8,30,2016-08-01
2016-08-31,1320.0,136.0,,57200,118815.0,2016,8,31,2016-08-01
2016-09-01,714.0,104.0,,38174,77415.0,2016,9,1,2016-09-01
2016-09-02,2314.0,252.0,,52999,126790.0,2016,9,2,2016-09-01
2016-09-03,4009.0,268.0,,41629,117476.0,2016,9,3,2016-09-01
2016-09-04,5467.0,185.0,,46020,140347.0,2016,9,4,2016-09-01
2016-09-05,3778.0,190.0,,45431,118022.0,2016,9,5,2016-09-01
2016-09-06,1018.0,178.0,,52432,108743.0,2016,9,6,2016-09-01
2016-09-07,1328.0,199.0,,60278,130391.0,2016,9,7,2016-09-01
2016-09-08,1511.0,179.0,,61551,130259.0,2016,9,8,2016-09-01
2016-09-09,1582.0,178.0,,56804,118213.0,2016,9,9,2016-09-01
2016-09-10,3549.0,229.0,,48454,127252.0,2016,9,10,2016-09-01
2016-09-11,3572.0,216.0,,52238,136353.0,2016,9,11,2016-09-01
2016-09-12,1620.0,225.0,,61083,127447.0,2016,9,12,2016-09-01
2016-09-13,1462.0,198.0,,64818,135366.0,2016,9,13,2016-09-01
2016-09-14,1369.0,157.0,,58928,121511.0,2016,9,14,2016-09-01
2016-09-15,1612.0,240.0,,67312,140436.0,2016,9,15,2016-09-01
2016-09-16,2047.0,225.0,,65257,145454.0,2016,9,16,2016-09-01
2016-09-17,5117.0,210.0,,59199,154037.0,2016,9,17,2016-09-01
2016-09-18,3191.0,159.0,,51685,131788.0,2016,9,18,2016-09-01
2016-09-19,555.0,101.0,,34205,67180.0,2016,9,19,2016-09-01
2016-09-20,1454.0,200.0,,64881,135085.0,2016,9,20,2016-09-01
2016-09-21,1566.0,182.0,,65453,142356.0,2016,9,21,2016-09-01
2016-09-22,1681.0,207.0,,67762,146370.0,2016,9,22,2016-09-01
2016-09-23,2053.0,248.0,,65499,142458.0,2016,9,23,2016-09-01
2016-09-24,3990.0,212.0,,53258,137355.0,2016,9,24,2016-09-01
2016-09-25,3871.0,169.0,,53563,143312.0,2016,9,25,2016-09-01
2016-09-26,1375.0,170.0,,61120,128011.0,2016,9,26,2016-09-01
2016-09-27,1175.0,150.0,,61334,122347.0,2016,9,27,2016-09-01
2016-09-28,931.0,107.0,,59456,120072.0,2016,9,28,2016-09-01
2016-09-29,808.0,131.0,,55550,104364.0,2016,9,29,2016-09-01
2016-09-30,175.0,20.0,,21368,45194.0,2016,9,30,2016-09-01
2016-10-01,2017.0,133.0,,39809,91771.0,2016,10,1,2016-10-01
2016-10-02,2147.0,119.0,,41018,100425.0,2016,10,2,2016-10-01
2016-10-03,1514.0,183.0,,56369,116682.0,2016,10,3,2016-10-01
2016-10-04,1035.0,144.0,,60196,123551.0,2016,10,4,2016-10-01
2016-10-05,1240.0,160.0,,65031,126942.0,2016,10,5,2016-10-01
2016-10-06,1580.0,205.0,,67580,137567.0,2016,10,6,2016-10-01
2016-10-07,2398.0,222.0,,65881,142612.0,2016,10,7,2016-10-01
2016-10-08,2002.0,160.0,,34624,86818.0,2016,10,8,2016-10-01
2016-10-09,713.0,56.0,,21687,46334.0,2016,10,9,2016-10-01
2016-10-10,2013.0,163.0,,52248,107487.0,2016,10,10,2016-10-01
2016-10-11,1172.0,142.0,,58754,113228.0,2016,10,11,2016-10-01
2016-10-12,1170.0,153.0,,57497,119851.0,2016,10,12,2016-10-01
2016-10-13,1064.0,168.0,,61209,117523.0,2016,10,13,2016-10-01
2016-10-14,1592.0,183.0,,60561,123000.0,2016,10,14,2016-10-01
2016-10-15,3904.0,207.0,,51991,138233.0,2016,10,15,2016-10-01
2016-10-16,3195.0,172.0,,48866,126550.0,2016,10,16,2016-10-01
2016-10-17,1447.0,236.0,,62649,132131.0,2016,10,17,2016-10-01
2016-10-18,1656.0,194.0,,68224,143635.0,2016,10,18,2016-10-01
2016-10-19,1902.0,164.0,,69758,145347.0,2016,10,19,2016-10-01
2016-10-20,1377.0,198.0,,63668,131686.0,2016,10,20,2016-10-01
2016-10-21,724.0,102.0,,40865,80787.0,2016,10,21,2016-10-01
2016-10-22,658.0,45.0,,25301,55557.0,2016,10,22,2016-10-01
2016-10-23,2616.0,134.0,,41462,99878.0,2016,10,23,2016-10-01
2016-10-24,1145.0,146.0,,55254,106893.0,2016,10,24,2016-10-01
2016-10-25,716.0,102.0,,52667,96848.0,2016,10,25,2016-10-01
2016-10-26,809.0,85.0,,52466,103870.0,2016,10,26,2016-10-01
2016-10-27,101.0,23.0,,21054,39660.0,2016,10,27,2016-10-01
2016-10-28,766.0,111.0,,46233,89857.0,2016,10,28,2016-10-01
2016-10-29,2615.0,153.0,,42513,103274.0,2016,10,29,2016-10-01
2016-10-30,2971.0,114.0,,37760,107572.0,2016,10,30,2016-10-01
2016-10-31,1090.0,123.0,,50071,107875.0,2016,10,31,2016-10-01
2016-11-01,868.0,105.0,,55944,110056.0,2016,11,1,2016-11-01
2016-11-02,1242.0,141.0,,62133,133258.0,2016,11,2,2016-11-01
2016-11-03,943.0,174.0,,59632,124673.0,2016,11,3,2016-11-01
2016-11-04,1538.0,207.0,,57867,126507.0,2016,11,4,2016-11-01
2016-11-05,3416.0,177.0,,48687,128639.0,2016,11,5,2016-11-01
2016-11-06,2293.0,97.0,,39413,104186.0,2016,11,6,2016-11-01
2016-11-07,972.0,119.0,,49883,106484.0,2016,11,7,2016-11-01
2016-11-08,1137.0,107.0,,56589,123718.0,2016,11,8,2016-11-01
2016-11-09,257.0,40.0,,38050,75883.0,2016,11,9,2016-11-01
2016-11-10,813.0,139.0,,50863,111472.0,2016,11,10,2016-11-01
2016-11-11,1248.0,165.0,,45826,105021.0,2016,11,11,2016-11-01
2016-11-12,1916.0,114.0,,34664,86968.0,2016,11,12,2016-11-01
2016-11-13,2076.0,95.0,,36806,95679.0,2016,11,13,2016-11-01
2016-11-14,728.0,97.0,,48810,113590.0,2016,11,14,2016-11-01
2016-11-15,105.0,16.0,,22884,48797.0,2016,11,15,2016-11-01
2016-11-16,703.0,113.0,,53328,107831.0,2016,11,16,2016-11-01
2016-11-17,711.0,106.0,,53889,109418.0,2016,11,17,2016-11-01
2016-11-18,1051.0,125.0,,53370,109802.0,2016,11,18,2016-11-01
2016-11-19,2272.0,87.0,,41208,98021.0,2016,11,19,2016-11-01
2016-11-20,350.0,34.0,,20616,45772.0,2016,11,20,2016-11-01
2016-11-21,148.0,38.0,,32964,69754.0,2016,11,21,2016-11-01
2016-11-22,290.0,35.0,,36723,72592.0,2016,11,22,2016-11-01
2016-11-23,481.0,56.0,,34462,73005.0,2016,11,23,2016-11-01
2016-11-24,641.0,73.0,,12122,42343.0,2016,11,24,2016-11-01
2016-11-25,1011.0,67.0,,20980,62444.0,2016,11,25,2016-11-01
2016-11-26,1356.0,44.0,,23810,65654.0,2016,11,26,2016-11-01
2016-11-27,945.0,31.0,,24076,74381.0,2016,11,27,2016-11-01
2016-11-28,485.0,42.0,,42086,83300.0,2016,11,28,2016-11-01
2016-11-29,48.0,9.0,,14584,30989.0,2016,11,29,2016-11-01
2016-11-30,117.0,10.0,,24434,52424.0,2016,11,30,2016-11-01
2016-12-01,389.0,58.0,,43233,90239.0,2016,12,1,2016-12-01
2016-12-02,440.0,52.0,,42358,89092.0,2016,12,2,2016-12-01
2016-12-03,854.0,58.0,,29853,70853.0,2016,12,3,2016-12-01
2016-12-04,930.0,28.0,,27454,71729.0,2016,12,4,2016-12-01
2016-12-05,278.0,38.0,,35927,80214.0,2016,12,5,2016-12-01
2016-12-06,228.0,26.0,,33325,67187.0,2016,12,6,2016-12-01
2016-12-07,270.0,18.0,,38010,76605.0,2016,12,7,2016-12-01
2016-12-08,235.0,23.0,,39621,72219.0,2016,12,8,2016-12-01
2016-12-09,214.0,31.0,,33540,63950.0,2016,12,9,2016-12-01
2016-12-10,490.0,20.0,,22379,52716.0,2016,12,10,2016-12-01
2016-12-11,287.0,6.0,,17798,41740.0,2016,12,11,2016-12-01
2016-12-12,175.0,14.0,,29035,58701.0,2016,12,12,2016-12-01
2016-12-13,299.0,21.0,,39023,68858.0,2016,12,13,2016-12-01
2016-12-14,257.0,16.0,,37799,71798.0,2016,12,14,2016-12-01
2016-12-15,80.0,13.0,,25002,45840.0,2016,12,15,2016-12-01
2016-12-16,139.0,11.0,,24484,48288.0,2016,12,16,2016-12-01
2016-12-17,36.0,7.0,,6993,22363.0,2016,12,17,2016-12-01
2016-12-18,168.0,14.0,,16295,38459.0,2016,12,18,2016-12-01
2016-12-19,119.0,12.0,,25648,50405.0,2016,12,19,2016-12-01
2016-12-20,202.0,22.0,,27677,50408.0,2016,12,20,2016-12-01
2016-12-21,244.0,20.0,,30611,55746.0,2016,12,21,2016-12-01
2016-12-22,302.0,18.0,,30874,56441.0,2016,12,22,2016-12-01
2016-12-23,399.0,27.0,,26335,53318.0,2016,12,23,2016-12-01
2016-12-24,147.0,10.0,,8014,28033.0,2016,12,24,2016-12-01
2016-12-25,1052.0,43.0,,9919,38209.0,2016,12,25,2016-12-01
2016-12-26,315.0,27.0,,10774,32446.0,2016,12,26,2016-12-01
2016-12-27,960.0,68.0,,25946,61379.0,2016,12,27,2016-12-01
2016-12-28,619.0,38.0,,23596,52937.0,2016,12,28,2016-12-01
2016-12-29,104.0,8.0,,13202,29631.0,2016,12,29,2016-12-01
2016-12-30,641.0,49.0,,21366,45743.0,2016,12,30,2016-12-01
2016-12-31,798.0,33.0,,15925,46810.0,2016,12,31,2016-12-01
2017-01-01,1237.0,33.0,,16009,50761.0,2017,1,1,2017-01-01
2017-01-02,142.0,15.0,,8921,21545.0,2017,1,2,2017-01-01
2017-01-03,42.0,15.0,,14198,25879.0,2017,1,3,2017-01-01
2017-01-04,475.0,29.0,,34039,69966.0,2017,1,4,2017-01-01
2017-01-05,214.0,17.0,,28393,52446.0,2017,1,5,2017-01-01
2017-01-06,157.0,17.0,,24177,48964.0,2017,1,6,2017-01-01
2017-01-07,21.0,4.0,,4425,23556.0,2017,1,7,2017-01-01
2017-01-08,27.0,2.0,,6417,22756.0,2017,1,8,2017-01-01
2017-01-09,30.0,2.0,,15856,35209.0,2017,1,9,2017-01-01
2017-01-10,67.0,12.0,,23232,46216.0,2017,1,10,2017-01-01
2017-01-11,208.0,37.0,,32419,63099.0,2017,1,11,2017-01-01
2017-01-12,479.0,30.0,,39783,84763.0,2017,1,12,2017-01-01
2017-01-13,373.0,43.0,,33611,75847.0,2017,1,13,2017-01-01
2017-01-14,252.0,33.0,,13819,43090.0,2017,1,14,2017-01-01
2017-01-15,476.0,19.0,,17384,50738.0,2017,1,15,2017-01-01
2017-01-16,448.0,30.0,,24110,51664.0,2017,1,16,2017-01-01
2017-01-17,63.0,15.0,,18646,40697.0,2017,1,17,2017-01-01
2017-01-18,146.0,17.0,,30857,57978.0,2017,1,18,2017-01-01
2017-01-19,391.0,27.0,,36561,72077.0,2017,1,19,2017-01-01
2017-01-20,184.0,19.0,,26752,56479.0,2017,1,20,2017-01-01
2017-01-21,957.0,31.0,,26610,64662.0,2017,1,21,2017-01-01
2017-01-22,520.0,25.0,,20523,49368.0,2017,1,22,2017-01-01
2017-01-23,54.0,20.0,,15822,37687.0,2017,1,23,2017-01-01
2017-01-24,28.0,5.0,,13171,35619.0,2017,1,24,2017-01-01
2017-01-25,301.0,29.0,,36931,71418.0,2017,1,25,2017-01-01
2017-01-26,223.0,28.0,,33002,63750.0,2017,1,26,2017-01-01
2017-01-27,231.0,23.0,,32394,70189.0,2017,1,27,2017-01-01
2017-01-28,402.0,25.0,,21302,53955.0,2017,1,28,2017-01-01
2017-01-29,585.0,26.0,,22527,62854.0,2017,1,29,2017-01-01
2017-01-30,163.0,32.0,,29616,59975.0,2017,1,30,2017-01-01
2017-01-31,62.0,19.0,,25169,48684.0,2017,1,31,2017-01-01
2017-02-01,194.0,22.0,,35221,77639.0,2017,2,1,2017-02-01
2017-02-02,216.0,27.0,,34517,70727.0,2017,2,2,2017-02-01
2017-02-03,181.0,32.0,,29632,64701.0,2017,2,3,2017-02-01
2017-02-04,413.0,14.0,,19204,45120.0,2017,2,4,2017-02-01
2017-02-05,337.0,19.0,,20059,50532.0,2017,2,5,2017-02-01
2017-02-06,305.0,49.0,,33415,72513.0,2017,2,6,2017-02-01
2017-02-07,54.0,17.0,,23053,57760.0,2017,2,7,2017-02-01
2017-02-08,483.0,32.0,,40428,90430.0,2017,2,8,2017-02-01
2017-02-09,0.0,0.0,,0,0.0,2017,2,9,2017-02-01
2017-02-10,15.0,1.0,,1997,8344.0,2017,2,10,2017-02-01
2017-02-11,170.0,13.0,,8959,26272.0,2017,2,11,2017-02-01
2017-02-12,26.0,5.0,,5801,26468.0,2017,2,12,2017-02-01
2017-02-13,72.0,18.0,,23857,58710.0,2017,2,13,2017-02-01
2017-02-14,154.0,16.0,,29668,78530.0,2017,2,14,2017-02-01
2017-02-15,170.0,30.0,,32052,72383.0,2017,2,15,2017-02-01
2017-02-16,104.0,16.0,,29120,63551.0,2017,2,16,2017-02-01
2017-02-17,247.0,37.0,,28735,67530.0,2017,2,17,2017-02-01
2017-02-18,2078.0,114.0,,30571,99126.0,2017,2,18,2017-02-01
2017-02-19,3746.0,122.0,,36963,125166.0,2017,2,19,2017-02-01
2017-02-20,1512.0,75.0,,32292,91412.0,2017,2,20,2017-02-01
2017-02-21,308.0,48.0,,32643,84767.0,2017,2,21,2017-02-01
2017-02-22,439.0,36.0,,38119,90651.0,2017,2,22,2017-02-01
2017-02-23,828.0,88.0,,42434,98554.0,2017,2,23,2017-02-01
2017-02-24,1534.0,119.0,,47031,117155.0,2017,2,24,2017-02-01
2017-02-25,2035.0,77.0,,33345,104309.0,2017,2,25,2017-02-01
2017-02-26,849.0,33.0,,24713,75196.0,2017,2,26,2017-02-01
2017-02-27,388.0,42.0,,35984,80194.0,2017,2,27,2017-02-01
2017-02-28,504.0,60.0,,41835,92642.0,2017,2,28,2017-02-01
2017-03-01,393.0,51.0,,40592,85944.0,2017,3,1,2017-03-01
2017-03-02,320.0,44.0,,35739,73839.0,2017,3,2,2017-03-01
2017-03-03,292.0,39.0,,31105,68702.0,2017,3,3,2017-03-01
2017-03-04,252.0,14.0,,15646,43108.0,2017,3,4,2017-03-01
2017-03-05,312.0,22.0,,15919,50924.0,2017,3,5,2017-03-01
2017-03-06,321.0,39.0,,32467,72776.0,2017,3,6,2017-03-01
2017-03-07,181.0,29.0,,29683,63654.0,2017,3,7,2017-03-01
2017-03-08,694.0,55.0,,43470,101573.0,2017,3,8,2017-03-01
2017-03-09,764.0,34.0,,45251,99450.0,2017,3,9,2017-03-01
2017-03-10,95.0,15.0,,18412,41971.0,2017,3,10,2017-03-01
2017-03-11,183.0,27.0,,15185,48379.0,2017,3,11,2017-03-01
2017-03-12,167.0,9.0,,13442,38114.0,2017,3,12,2017-03-01
2017-03-13,205.0,14.0,,27417,58768.0,2017,3,13,2017-03-01
2017-03-14,0.0,0.0,,0,0.0,2017,3,14,2017-03-01
2017-03-15,0.0,0.0,,0,0.0,2017,3,15,2017-03-01
2017-03-16,0.0,0.0,,0,0.0,2017,3,16,2017-03-01
2017-03-17,151.0,15.0,,7098,25393.0,2017,3,17,2017-03-01
2017-03-18,93.0,6.0,,4106,17446.0,2017,3,18,2017-03-01
2017-03-19,339.0,21.0,,10550,33344.0,2017,3,19,2017-03-01
2017-03-20,288.0,21.0,,27378,60363.0,2017,3,20,2017-03-01
2017-03-21,479.0,47.0,,36824,78104.0,2017,3,21,2017-03-01
2017-03-22,140.0,15.0,,26927,55713.0,2017,3,22,2017-03-01
2017-03-23,291.0,25.0,,29885,74345.0,2017,3,23,2017-03-01
2017-03-24,485.0,39.0,,34019,82681.0,2017,3,24,2017-03-01
2017-03-25,1721.0,60.0,,29647,86293.0,2017,3,25,2017-03-01
2017-03-26,546.0,30.0,,19893,55139.0,2017,3,26,2017-03-01
2017-03-27,318.0,40.0,,26301,59614.0,2017,3,27,2017-03-01
2017-03-28,91.0,20.0,,21590,46003.0,2017,3,28,2017-03-01
2017-03-29,830.0,97.0,,42430,91525.0,2017,3,29,2017-03-01
2017-03-30,669.0,61.0,,39746,91041.0,2017,3,30,2017-03-01
2017-03-31,20.0,5.0,,6946,23462.0,2017,3,31,2017-03-01
2017-04-01,767.0,43.0,,23849,67299.0,2017,4,1,2017-04-01
2017-04-02,3639.0,58.0,,39779,130087.0,2017,4,2,2017-04-01
2017-04-03,970.0,68.0,,43484,104217.0,2017,4,3,2017-04-01
2017-04-04,183.0,23.0,,29990,63091.0,2017,4,4,2017-04-01
2017-04-05,1192.0,59.0,,47635,108281.0,2017,4,5,2017-04-01
2017-04-06,67.0,12.0,,18020,44411.0,2017,4,6,2017-04-01
2017-04-07,456.0,43.0,,35779,81358.0,2017,4,7,2017-04-01
2017-04-08,2719.0,83.0,,35936,108886.0,2017,4,8,2017-04-01
2017-04-09,4390.0,114.0,,43895,137240.0,2017,4,9,2017-04-01
2017-04-10,2164.0,139.0,,50422,124356.0,2017,4,10,2017-04-01
2017-04-11,2699.0,135.0,,57309,150222.0,2017,4,11,2017-04-01
2017-04-12,1493.0,108.0,,51188,113959.0,2017,4,12,2017-04-01
2017-04-13,2388.0,129.0,,52915,131228.0,2017,4,13,2017-04-01
2017-04-14,3451.0,273.0,,52230,149382.0,2017,4,14,2017-04-01
2017-04-15,3981.0,235.0,,42531,134526.0,2017,4,15,2017-04-01
2017-04-16,6143.0,361.0,,48137,157912.0,2017,4,16,2017-04-01
2017-04-17,2019.0,234.0,,53247,127619.0,2017,4,17,2017-04-01
2017-04-18,1624.0,194.0,,53809,126129.0,2017,4,18,2017-04-01
2017-04-19,738.0,55.0,,45788,97587.0,2017,4,19,2017-04-01
2017-04-20,1065.0,172.0,,44260,108427.0,2017,4,20,2017-04-01
2017-04-21,1194.0,129.0,,39868,92348.0,2017,4,21,2017-04-01
2017-04-22,5173.0,102.0,,34596,101444.0,2017,4,22,2017-04-01
2017-04-23,4541.0,420.0,,49106,142563.0,2017,4,23,2017-04-01
2017-04-24,1143.0,123.0,,48692,103241.0,2017,4,24,2017-04-01
2017-04-25,201.0,36.0,,20332,47829.0,2017,4,25,2017-04-01
2017-04-26,595.0,109.0,,37727,81859.0,2017,4,26,2017-04-01
2017-04-27,1412.0,266.0,,52035,122394.0,2017,4,27,2017-04-01
2017-04-28,2963.0,458.0,,62199,163665.0,2017,4,28,2017-04-01
2017-04-29,5699.0,562.0,,57701,180290.0,2017,4,29,2017-04-01
2017-04-30,2921.0,340.0,,42928,125305.0,2017,4,30,2017-04-01
2017-05-01,1813.0,311.0,,56218,136675.0,2017,5,1,2017-05-01
2017-05-02,1827.0,309.0,,61205,142585.0,2017,5,2,2017-05-01
2017-05-03,1537.0,247.0,,59251,141936.0,2017,5,3,2017-05-01
2017-05-04,1626.0,239.0,,57428,144583.0,2017,5,4,2017-05-01
2017-05-05,355.0,52.0,,24009,58278.0,2017,5,5,2017-05-01
2017-05-06,3349.0,363.0,,46616,127879.0,2017,5,6,2017-05-01
2017-05-07,1921.0,196.0,,34293,90625.0,2017,5,7,2017-05-01
2017-05-08,1230.0,253.0,,51553,114260.0,2017,5,8,2017-05-01
2017-05-09,1179.0,199.0,,56461,118257.0,2017,5,9,2017-05-01
2017-05-10,1362.0,225.0,,58452,136080.0,2017,5,10,2017-05-01
2017-05-11,1313.0,205.0,,57208,135699.0,2017,5,11,2017-05-01
2017-05-12,1784.0,189.0,,56671,132477.0,2017,5,12,2017-05-01
2017-05-13,117.0,0.0,,5704,28193.0,2017,5,13,2017-05-01
2017-05-14,2664.0,222.0,,38729,114819.0,2017,5,14,2017-05-01
2017-05-15,1279.0,185.0,,54715,129870.0,2017,5,15,2017-05-01
2017-05-16,1850.0,283.0,,64504,157411.0,2017,5,16,2017-05-01
2017-05-17,1864.0,241.0,,65791,153500.0,2017,5,17,2017-05-01
2017-05-18,1929.0,270.0,,63753,149837.0,2017,5,18,2017-05-01
2017-05-19,2310.0,275.0,,62143,145832.0,2017,5,19,2017-05-01
2017-05-20,3486.0,251.0,,47858,135405.0,2017,5,20,2017-05-01
2017-05-21,4903.0,287.0,,54873,160019.0,2017,5,21,2017-05-01
2017-05-22,218.0,22.0,,24627,61049.0,2017,5,22,2017-05-01
2017-05-23,1579.0,224.0,,60024,139680.0,2017,5,23,2017-05-01
2017-05-24,1558.0,153.0,,60621,135482.0,2017,5,24,2017-05-01
2017-05-25,143.0,27.0,,17494,50743.0,2017,5,25,2017-05-01
2017-05-26,2224.0,306.0,,53763,133402.0,2017,5,26,2017-05-01
2017-05-27,4590.0,511.0,,46533,145924.0,2017,5,27,2017-05-01
2017-05-28,5229.0,374.0,,46724,151063.0,2017,5,28,2017-05-01
2017-05-29,1149.0,77.0,,26321,75825.0,2017,5,29,2017-05-01
2017-05-30,962.0,204.0,,50192,114629.0,2017,5,30,2017-05-01
2017-05-31,1596.0,197.0,,59494,142097.0,2017,5,31,2017-05-01
2017-06-01,1957.0,289.0,,67404,163063.0,2017,6,1,2017-06-01
2017-06-02,2315.0,357.0,,66905,157299.0,2017,6,2,2017-06-01
2017-06-03,4627.0,356.0,,56263,155712.0,2017,6,3,2017-06-01
2017-06-04,2270.0,103.0,,40138,100571.0,2017,6,4,2017-06-01
2017-06-05,1286.0,204.0,,55882,123795.0,2017,6,5,2017-06-01
2017-06-06,523.0,89.0,,41268,86679.0,2017,6,6,2017-06-01
2017-06-07,1536.0,258.0,,64452,149853.0,2017,6,7,2017-06-01
2017-06-08,1631.0,266.0,,62652,132716.0,2017,6,8,2017-06-01
2017-06-09,2513.0,313.0,,66504,156787.0,2017,6,9,2017-06-01
2017-06-10,4764.0,296.0,,57086,150903.0,2017,6,10,2017-06-01
2017-06-11,3941.0,179.0,,51427,140711.0,2017,6,11,2017-06-01
2017-06-12,1561.0,201.0,,57870,133564.0,2017,6,12,2017-06-01
2017-06-13,1407.0,179.0,,60920,129444.0,2017,6,13,2017-06-01
2017-06-14,1573.0,218.0,,60510,137988.0,2017,6,14,2017-06-01
2017-06-15,1885.0,227.0,,64761,144513.0,2017,6,15,2017-06-01
2017-06-16,1507.0,177.0,,56401,128201.0,2017,6,16,2017-06-01
2017-06-17,2243.0,209.0,,34899,83755.0,2017,6,17,2017-06-01
2017-06-18,3730.0,295.0,,49469,138414.0,2017,6,18,2017-06-01
2017-06-19,878.0,158.0,,38308,88057.0,2017,6,19,2017-06-01
2017-06-20,1781.0,215.0,,64670,146794.0,2017,6,20,2017-06-01
2017-06-21,1666.0,258.0,,67215,154525.0,2017,6,21,2017-06-01
2017-06-22,1818.0,260.0,,66304,158453.0,2017,6,22,2017-06-01
2017-06-23,1585.0,205.0,,55321,129797.0,2017,6,23,2017-06-01
2017-06-24,4277.0,314.0,,52150,141282.0,2017,6,24,2017-06-01
2017-06-25,4527.0,256.0,,54645,158625.0,2017,6,25,2017-06-01
2017-06-26,2024.0,297.0,,62661,145321.0,2017,6,26,2017-06-01
2017-06-27,1697.0,229.0,,64762,151112.0,2017,6,27,2017-06-01
2017-06-28,1893.0,208.0,,67740,159263.0,2017,6,28,2017-06-01
2017-06-29,1703.0,210.0,,64260,146419.0,2017,6,29,2017-06-01
2017-06-30,2024.0,293.0,,58660,132583.0,2017,6,30,2017-06-01
2017-07-01,2828.0,372.0,,36737,107126.0,2017,7,1,2017-07-01
2017-07-02,4314.0,458.0,,43035,128397.0,2017,7,2,2017-07-01
2017-07-03,3243.0,316.0,,48193,130240.0,2017,7,3,2017-07-01
2017-07-04,4929.0,315.0,,49924,146441.0,2017,7,4,2017-07-01
2017-07-05,1886.0,267.0,,60321,149487.0,2017,7,5,2017-07-01
2017-07-06,1646.0,264.0,,62147,140767.0,2017,7,6,2017-07-01
2017-07-07,1283.0,216.0,,44068,103656.0,2017,7,7,2017-07-01
2017-07-08,4138.0,333.0,,55015,146438.0,2017,7,8,2017-07-01
2017-07-09,4471.0,340.0,,57118,159914.0,2017,7,9,2017-07-01
2017-07-10,1546.0,359.0,,60908,141463.0,2017,7,10,2017-07-01
2017-07-11,1269.0,227.0,,61670,141463.0,2017,7,11,2017-07-01
2017-07-12,1376.0,179.0,,61786,132874.0,2017,7,12,2017-07-01
2017-07-13,1322.0,180.0,,56475,126527.0,2017,7,13,2017-07-01
2017-07-14,570.0,101.0,,31851,70477.0,2017,7,14,2017-07-01
2017-07-15,4761.0,378.0,,56499,148067.0,2017,7,15,2017-07-01
2017-07-16,4497.0,308.0,,56833,153666.0,2017,7,16,2017-07-01
2017-07-17,1675.0,289.0,,62555,141323.0,2017,7,17,2017-07-01
2017-07-18,1724.0,243.0,,66234,144623.0,2017,7,18,2017-07-01
2017-07-19,1617.0,267.0,,63916,143277.0,2017,7,19,2017-07-01
2017-07-20,1439.0,229.0,,59665,131871.0,2017,7,20,2017-07-01
2017-07-21,1929.0,304.0,,60074,136330.0,2017,7,21,2017-07-01
2017-07-22,3634.0,332.0,,48013,124272.0,2017,7,22,2017-07-01
2017-07-23,3164.0,249.0,,46945,117035.0,2017,7,23,2017-07-01
2017-07-24,989.0,113.0,,43793,104460.0,2017,7,24,2017-07-01
2017-07-25,1549.0,285.0,,65339,148542.0,2017,7,25,2017-07-01
2017-07-26,2054.0,248.0,,70329,168603.0,2017,7,26,2017-07-01
2017-07-27,1666.0,214.0,,65773,144443.0,2017,7,27,2017-07-01
2017-07-28,2293.0,297.0,,63911,151514.0,2017,7,28,2017-07-01
2017-07-29,4085.0,324.0,,52955,132509.0,2017,7,29,2017-07-01
2017-07-30,5214.0,376.0,,59364,165423.0,2017,7,30,2017-07-01
2017-07-31,1862.0,263.0,,64231,153123.0,2017,7,31,2017-07-01
2017-08-01,1813.0,272.0,,66676,147654.0,2017,8,1,2017-08-01
2017-08-02,3291.0,139.0,,56179,122622.0,2017,8,2,2017-08-01
2017-08-03,1849.0,257.0,,66144,146858.0,2017,8,3,2017-08-01
2017-08-04,2212.0,325.0,,56391,128749.0,2017,8,4,2017-08-01
2017-08-05,5299.0,415.0,,58966,169511.0,2017,8,5,2017-08-01
2017-08-06,4686.0,292.0,,56473,161492.0,2017,8,6,2017-08-01
2017-08-07,249.0,34.0,,23395,55927.0,2017,8,7,2017-08-01
2017-08-08,1738.0,331.0,,65228,145901.0,2017,8,8,2017-08-01
2017-08-09,1952.0,300.0,,67874,170524.0,2017,8,9,2017-08-01
2017-08-10,1834.0,262.0,,66245,151415.0,2017,8,10,2017-08-01
2017-08-11,2360.0,358.0,,63134,147098.0,2017,8,11,2017-08-01
2017-08-12,5409.0,405.0,,60531,173581.0,2017,8,12,2017-08-01
2017-08-13,4755.0,337.0,,57511,162040.0,2017,8,13,2017-08-01
2017-08-14,1816.0,294.0,,61460,139535.0,2017,8,14,2017-08-01
2017-08-15,948.0,125.0,,52460,105695.0,2017,8,15,2017-08-01
2017-08-16,1905.0,251.0,,68434,159032.0,2017,8,16,2017-08-01
2017-08-17,2087.0,261.0,,66654,156810.0,2017,8,17,2017-08-01
2017-08-18,840.0,124.0,,36619,90704.0,2017,8,18,2017-08-01
2017-08-19,5992.0,461.0,,62440,186037.0,2017,8,19,2017-08-01
2017-08-20,4218.0,313.0,,55438,147379.0,2017,8,20,2017-08-01
2017-08-21,1832.0,277.0,,61055,138059.0,2017,8,21,2017-08-01
2017-08-22,1477.0,260.0,,60541,133409.0,2017,8,22,2017-08-01
2017-08-23,1712.0,219.0,,65069,141360.0,2017,8,23,2017-08-01
2017-08-24,1820.0,315.0,,66306,151449.0,2017,8,24,2017-08-01
2017-08-25,2316.0,325.0,,64217,156344.0,2017,8,25,2017-08-01
2017-08-26,3621.0,214.0,,50111,132832.0,2017,8,26,2017-08-01
2017-08-27,4135.0,278.0,,54594,145524.0,2017,8,27,2017-08-01
2017-08-28,1616.0,272.0,,60885,133126.0,2017,8,28,2017-08-01
2017-08-29,424.0,104.0,,35151,67448.0,2017,8,29,2017-08-01
2017-08-30,1760.0,309.0,,65328,147325.0,2017,8,30,2017-08-01
2017-08-31,1727.0,260.0,,64881,144852.0,2017,8,31,2017-08-01
2017-09-01,1775.0,294.0,,54881,129382.0,2017,9,1,2017-09-01
2017-09-02,3359.0,420.0,,37810,107949.0,2017,9,2,2017-09-01
2017-09-03,2394.0,175.0,,30955,83988.0,2017,9,3,2017-09-01
2017-09-04,5298.0,362.0,,55284,164623.0,2017,9,4,2017-09-01
2017-09-05,1607.0,265.0,,65443,140362.0,2017,9,5,2017-09-01
2017-09-06,445.0,90.0,,42318,86395.0,2017,9,6,2017-09-01
2017-09-07,1542.0,356.0,,69571,148669.0,2017,9,7,2017-09-01
2017-09-08,1976.0,322.0,,69616,154397.0,2017,9,8,2017-09-01
2017-09-09,4196.0,272.0,,60187,150847.0,2017,9,9,2017-09-01
2017-09-10,4056.0,301.0,,60750,154588.0,2017,9,10,2017-09-01
2017-09-11,1992.0,276.0,,71964,166177.0,2017,9,11,2017-09-01
2017-09-12,1737.0,238.0,,74623,161263.0,2017,9,12,2017-09-01
2017-09-13,1471.0,199.0,,69616,146802.0,2017,9,13,2017-09-01
2017-09-14,1551.0,244.0,,72128,150535.0,2017,9,14,2017-09-01
2017-09-15,2088.0,323.0,,72361,160138.0,2017,9,15,2017-09-01
2017-09-16,4304.0,297.0,,61077,156839.0,2017,9,16,2017-09-01
2017-09-17,3869.0,229.0,,60003,156834.0,2017,9,17,2017-09-01
2017-09-18,1387.0,190.0,,64207,138078.0,2017,9,18,2017-09-01
2017-09-19,914.0,146.0,,57977,115451.0,2017,9,19,2017-09-01
2017-09-20,1385.0,202.0,,71222,150377.0,2017,9,20,2017-09-01
2017-09-21,1690.0,191.0,,67799,152463.0,2017,9,21,2017-09-01
2017-09-22,2315.0,259.0,,70192,163114.0,2017,9,22,2017-09-01
2017-09-23,4821.0,322.0,,62748,165582.0,2017,9,23,2017-09-01
2017-09-24,3681.0,176.0,,57503,148926.0,2017,9,24,2017-09-01
2017-09-25,1537.0,258.0,,69271,156367.0,2017,9,25,2017-09-01
2017-09-26,1359.0,257.0,,71566,156779.0,2017,9,26,2017-09-01
2017-09-27,1268.0,200.0,,69942,147977.0,2017,9,27,2017-09-01
2017-09-28,1490.0,224.0,,70951,148394.0,2017,9,28,2017-09-01
2017-09-29,1875.0,288.0,,67246,141709.0,2017,9,29,2017-09-01
2017-09-30,2694.0,214.0,,50200,113613.0,2017,9,30,2017-09-01
2017-10-01,3511.0,235.0,,55503,139011.0,2017,10,1,2017-10-01
2017-10-02,1408.0,242.0,,65509,141748.0,2017,10,2,2017-10-01
2017-10-03,1258.0,194.0,,69105,135800.0,2017,10,3,2017-10-01
2017-10-04,1377.0,188.0,,71453,150324.0,2017,10,4,2017-10-01
2017-10-05,1365.0,251.0,,70173,150437.0,2017,10,5,2017-10-01
2017-10-06,2104.0,383.0,,70249,148395.0,2017,10,6,2017-10-01
2017-10-07,4996.0,356.0,,63630,153928.0,2017,10,7,2017-10-01
2017-10-08,2233.0,192.0,,41039,100790.0,2017,10,8,2017-10-01
2017-10-09,594.0,84.0,,38390,78912.0,2017,10,9,2017-10-01
2017-10-10,2016.0,312.0,,74117,155978.0,2017,10,10,2017-10-01
2017-10-11,1146.0,161.0,,63587,126748.0,2017,10,11,2017-10-01
2017-10-12,1070.0,169.0,,61244,123433.0,2017,10,12,2017-10-01
2017-10-13,1768.0,308.0,,67016,136608.0,2017,10,13,2017-10-01
2017-10-14,3680.0,347.0,,58771,142476.0,2017,10,14,2017-10-01
2017-10-15,3381.0,276.0,,56529,137364.0,2017,10,15,2017-10-01
2017-10-16,997.0,192.0,,61729,125800.0,2017,10,16,2017-10-01
2017-10-17,1030.0,170.0,,64480,122345.0,2017,10,17,2017-10-01
2017-10-18,1202.0,249.0,,70233,147842.0,2017,10,18,2017-10-01
2017-10-19,1491.0,274.0,,72311,143664.0,2017,10,19,2017-10-01
2017-10-20,2246.0,351.0,,72174,157255.0,2017,10,20,2017-10-01
2017-10-21,5093.0,276.0,,65872,169402.0,2017,10,21,2017-10-01
2017-10-22,4596.0,200.0,,62148,153444.0,2017,10,22,2017-10-01
2017-10-23,1659.0,279.0,,69273,143899.0,2017,10,23,2017-10-01
2017-10-24,466.0,82.0,,48077,95599.0,2017,10,24,2017-10-01
2017-10-25,1133.0,246.0,,71284,142007.0,2017,10,25,2017-10-01
2017-10-26,973.0,191.0,,64002,123419.0,2017,10,26,2017-10-01
2017-10-27,1991.0,352.0,,69265,139481.0,2017,10,27,2017-10-01
2017-10-28,4306.0,317.0,,61345,143571.0,2017,10,28,2017-10-01
2017-10-29,213.0,8.0,,9537,20810.0,2017,10,29,2017-10-01
2017-10-30,771.0,121.0,,49246,95502.0,2017,10,30,2017-10-01
2017-10-31,1076.0,166.0,,60242,115329.0,2017,10,31,2017-10-01
2017-11-01,717.0,125.0,,60772,111304.0,2017,11,1,2017-11-01
2017-11-02,1485.0,291.0,,70810,144455.0,2017,11,2,2017-11-01
2017-11-03,2275.0,335.0,,71817,147055.0,2017,11,3,2017-11-01
2017-11-04,3086.0,243.0,,53433,120119.0,2017,11,4,2017-11-01
2017-11-05,1263.0,80.0,,34943,76281.0,2017,11,5,2017-11-01
2017-11-06,1052.0,133.0,,57606,116318.0,2017,11,6,2017-11-01
2017-11-07,643.0,77.0,,36361,69588.0,2017,11,7,2017-11-01
2017-11-08,597.0,95.0,,54211,107852.0,2017,11,8,2017-11-01
2017-11-09,837.0,171.0,,58416,113119.0,2017,11,9,2017-11-01
2017-11-10,425.0,82.0,,38432,74794.0,2017,11,10,2017-11-01
2017-11-11,832.0,64.0,,28142,55350.0,2017,11,11,2017-11-01
2017-11-12,1191.0,62.0,,32471,73187.0,2017,11,12,2017-11-01
2017-11-13,314.0,47.0,,38752,72112.0,2017,11,13,2017-11-01
2017-11-14,493.0,59.0,,52278,95328.0,2017,11,14,2017-11-01
2017-11-15,524.0,70.0,,54230,104590.0,2017,11,15,2017-11-01
2017-11-16,521.0,74.0,,49737,93532.0,2017,11,16,2017-11-01
2017-11-17,712.0,74.0,,48989,93476.0,2017,11,17,2017-11-01
2017-11-18,872.0,53.0,,27745,58136.0,2017,11,18,2017-11-01
2017-11-19,1020.0,64.0,,31597,66078.0,2017,11,19,2017-11-01
2017-11-20,501.0,49.0,,45120,85295.0,2017,11,20,2017-11-01
2017-11-21,960.0,69.0,,52448,95288.0,2017,11,21,2017-11-01
2017-11-22,458.0,64.0,,32297,69530.0,2017,11,22,2017-11-01
2017-11-23,806.0,103.0,,13705,32527.0,2017,11,23,2017-11-01
2017-11-24,1129.0,95.0,,23723,64012.0,2017,11,24,2017-11-01
2017-11-25,1995.0,85.0,,30510,73542.0,2017,11,25,2017-11-01
2017-11-26,904.0,63.0,,27180,60652.0,2017,11,26,2017-11-01
2017-11-27,553.0,46.0,,46732,99410.0,2017,11,27,2017-11-01
2017-11-28,455.0,58.0,,51166,97329.0,2017,11,28,2017-11-01
2017-11-29,638.0,71.0,,55290,107040.0,2017,11,29,2017-11-01
2017-11-30,509.0,83.0,,51699,97110.0,2017,11,30,2017-11-01
2017-12-01,695.0,123.0,,50708,99868.0,2017,12,1,2017-12-01
2017-12-02,1513.0,100.0,,38922,83660.0,2017,12,2,2017-12-01
2017-12-03,1037.0,66.0,,33728,77915.0,2017,12,3,2017-12-01
2017-12-04,649.0,63.0,,49630,92142.0,2017,12,4,2017-12-01
2017-12-05,381.0,57.0,,41792,85008.0,2017,12,5,2017-12-01
2017-12-06,368.0,55.0,,46335,87328.0,2017,12,6,2017-12-01
2017-12-07,427.0,65.0,,45367,94653.0,2017,12,7,2017-12-01
2017-12-08,443.0,58.0,,41330,81217.0,2017,12,8,2017-12-01
2017-12-09,112.0,15.0,,10804,20955.0,2017,12,9,2017-12-01
2017-12-10,287.0,26.0,,19815,43621.0,2017,12,10,2017-12-01
2017-12-11,456.0,38.0,,41838,81071.0,2017,12,11,2017-12-01
2017-12-12,262.0,42.0,,42620,88499.0,2017,12,12,2017-12-01
2017-12-13,155.0,20.0,,32623,60051.0,2017,12,13,2017-12-01
2017-12-14,134.0,10.0,,27494,49648.0,2017,12,14,2017-12-01
2017-12-15,130.0,9.0,,22944,41598.0,2017,12,15,2017-12-01
2017-12-16,240.0,24.0,,19060,38766.0,2017,12,16,2017-12-01
2017-12-17,343.0,27.0,,22403,49790.0,2017,12,17,2017-12-01
2017-12-18,409.0,34.0,,40168,79914.0,2017,12,18,2017-12-01
2017-12-19,541.0,42.0,,49503,97301.0,2017,12,19,2017-12-01
2017-12-20,422.0,40.0,,41461,78833.0,2017,12,20,2017-12-01
2017-12-21,386.0,47.0,,37592,70297.0,2017,12,21,2017-12-01
2017-12-22,506.0,23.0,,34338,62387.0,2017,12,22,2017-12-01
2017-12-23,112.0,10.0,,9608,24205.0,2017,12,23,2017-12-01
2017-12-24,492.0,39.0,,13215,37985.0,2017,12,24,2017-12-01
2017-12-25,439.0,27.0,,6479,26767.0,2017,12,25,2017-12-01
2017-12-26,220.0,29.0,,14113,32919.0,2017,12,26,2017-12-01
2017-12-27,234.0,33.0,,16365,31793.0,2017,12,27,2017-12-01
2017-12-28,121.0,17.0,,13419,34438.0,2017,12,28,2017-12-01
2017-12-29,177.0,17.0,,13759,29284.0,2017,12,29,2017-12-01
2017-12-30,53.0,10.0,,5956,13910.0,2017,12,30,2017-12-01
2017-12-31,94.0,2.0,,6569,18326.0,2017,12,31,2017-12-01
